{
  "num_selected": 200,
  "subset_csv": ".thoughts/subsets/mist_quality_balanced_200.csv",
  "target_active_bits": {
    "count": 200,
    "max": 109.0,
    "mean": 56.675,
    "median": 54.0,
    "min": 16.0
  },
  "threshold_metrics": {
    "0.05": {
      "f1": {
        "count": 200,
        "max": 0.9454545454545454,
        "mean": 0.48848149505028904,
        "median": 0.4652173913043478,
        "min": 0.1772151898734177
      },
      "precision": {
        "count": 200,
        "max": 0.896551724137931,
        "mean": 0.3707596374921119,
        "median": 0.3365526461368247,
        "min": 0.1111111111111111
      },
      "pred_bits": {
        "count": 200,
        "max": 282.0,
        "mean": 130.28,
        "median": 130.0,
        "min": 18.0
      },
      "recall": {
        "count": 200,
        "max": 1.0,
        "mean": 0.7576725683631319,
        "median": 0.8348936170212766,
        "min": 0.2916666666666667
      }
    },
    "0.1": {
      "f1": {
        "count": 200,
        "max": 1.0,
        "mean": 0.5879782090301683,
        "median": 0.619382964453387,
        "min": 0.18749999999999997
      },
      "precision": {
        "count": 200,
        "max": 1.0,
        "mean": 0.5151865985019509,
        "median": 0.5171195652173912,
        "min": 0.14285714285714285
      },
      "pred_bits": {
        "count": 200,
        "max": 161.0,
        "mean": 79.8,
        "median": 78.0,
        "min": 17.0
      },
      "recall": {
        "count": 200,
        "max": 1.0,
        "mean": 0.6952994544567799,
        "median": 0.7593103448275862,
        "min": 0.22413793103448276
      }
    },
    "0.15": {
      "f1": {
        "count": 200,
        "max": 1.0,
        "mean": 0.6213033032117515,
        "median": 0.6641604010025063,
        "min": 0.2222222222222222
      },
      "precision": {
        "count": 200,
        "max": 1.0,
        "mean": 0.5957885343873868,
        "median": 0.6318238213399503,
        "min": 0.18333333333333332
      },
      "pred_bits": {
        "count": 200,
        "max": 127.0,
        "mean": 62.865,
        "median": 59.0,
        "min": 15.0
      },
      "recall": {
        "count": 200,
        "max": 1.0,
        "mean": 0.6556258829516222,
        "median": 0.701063829787234,
        "min": 0.20689655172413793
      }
    },
    "0.187": {
      "f1": {
        "count": 200,
        "max": 1.0,
        "mean": 0.6285113787411033,
        "median": 0.6613478187065014,
        "min": 0.198019801980198
      },
      "precision": {
        "count": 200,
        "max": 1.0,
        "mean": 0.6334874754671,
        "median": 0.6763795045045045,
        "min": 0.18181818181818182
      },
      "pred_bits": {
        "count": 200,
        "max": 118.0,
        "mean": 56.15,
        "median": 53.0,
        "min": 14.0
      },
      "recall": {
        "count": 200,
        "max": 1.0,
        "mean": 0.6319499559006823,
        "median": 0.6655015197568388,
        "min": 0.17543859649122806
      }
    },
    "0.2": {
      "f1": {
        "count": 200,
        "max": 1.0,
        "mean": 0.6308956916355815,
        "median": 0.6669565217391304,
        "min": 0.20618556701030927
      },
      "precision": {
        "count": 200,
        "max": 1.0,
        "mean": 0.6468162053225582,
        "median": 0.6885304659498208,
        "min": 0.1836734693877551
      },
      "pred_bits": {
        "count": 200,
        "max": 115.0,
        "mean": 54.275,
        "median": 50.5,
        "min": 14.0
      },
      "recall": {
        "count": 200,
        "max": 1.0,
        "mean": 0.6252737194498227,
        "median": 0.6595744680851063,
        "min": 0.17543859649122806
      }
    },
    "0.25": {
      "f1": {
        "count": 200,
        "max": 1.0,
        "mean": 0.6308629907982196,
        "median": 0.6653493975903614,
        "min": 0.1978021978021978
      },
      "precision": {
        "count": 200,
        "max": 1.0,
        "mean": 0.6805612116669755,
        "median": 0.7325203252032519,
        "min": 0.19101123595505617
      },
      "pred_bits": {
        "count": 200,
        "max": 104.0,
        "mean": 49.19,
        "median": 46.5,
        "min": 14.0
      },
      "recall": {
        "count": 200,
        "max": 1.0,
        "mean": 0.6016543075977802,
        "median": 0.6137054434926775,
        "min": 0.15789473684210525
      }
    },
    "0.3": {
      "f1": {
        "count": 200,
        "max": 1.0,
        "mean": 0.6274205459366649,
        "median": 0.6665160123966942,
        "min": 0.20454545454545456
      },
      "precision": {
        "count": 200,
        "max": 1.0,
        "mean": 0.7044754614899614,
        "median": 0.7946491849751949,
        "min": 0.2
      },
      "pred_bits": {
        "count": 200,
        "max": 96.0,
        "mean": 45.73,
        "median": 44.0,
        "min": 14.0
      },
      "recall": {
        "count": 200,
        "max": 1.0,
        "mean": 0.5825025664272372,
        "median": 0.5644827586206898,
        "min": 0.15789473684210525
      }
    },
    "0.4": {
      "f1": {
        "count": 200,
        "max": 1.0,
        "mean": 0.6151532320270526,
        "median": 0.6358281358281359,
        "min": 0.20895522388059704
      },
      "precision": {
        "count": 200,
        "max": 1.0,
        "mean": 0.7394469216396321,
        "median": 0.8333333333333334,
        "min": 0.21052631578947367
      },
      "pred_bits": {
        "count": 200,
        "max": 95.0,
        "mean": 40.89,
        "median": 37.0,
        "min": 14.0
      },
      "recall": {
        "count": 200,
        "max": 1.0,
        "mean": 0.5503644254744898,
        "median": 0.5,
        "min": 0.1568627450980392
      }
    },
    "0.5": {
      "f1": {
        "count": 200,
        "max": 1.0,
        "mean": 0.5995823494686394,
        "median": 0.5998773257002659,
        "min": 0.2028985507246377
      },
      "precision": {
        "count": 200,
        "max": 1.0,
        "mean": 0.7699279937056693,
        "median": 0.8559907834101382,
        "min": 0.21212121212121213
      },
      "pred_bits": {
        "count": 200,
        "max": 90.0,
        "mean": 37.085,
        "median": 34.0,
        "min": 10.0
      },
      "recall": {
        "count": 200,
        "max": 1.0,
        "mean": 0.5196111739579927,
        "median": 0.4670109007458405,
        "min": 0.14583333333333334
      }
    }
  },
  "top_n_recall": {
    "1024": {
      "count": 200,
      "max": 1.0,
      "mean": 0.9184775593990538,
      "median": 0.9653524492234169,
      "min": 0.5625
    },
    "128": {
      "count": 200,
      "max": 1.0,
      "mean": 0.7452217832943377,
      "median": 0.8315602836879432,
      "min": 0.2571428571428571
    },
    "16": {
      "count": 200,
      "max": 0.9375,
      "mean": 0.25339029797348944,
      "median": 0.22996794871794873,
      "min": 0.06493506493506493
    },
    "160": {
      "count": 200,
      "max": 1.0,
      "mean": 0.7690752421367207,
      "median": 0.851457840819543,
      "min": 0.26666666666666666
    },
    "256": {
      "count": 200,
      "max": 1.0,
      "mean": 0.8123507759632665,
      "median": 0.8960863697705803,
      "min": 0.29523809523809524
    },
    "32": {
      "count": 200,
      "max": 1.0,
      "mean": 0.4393641883777496,
      "median": 0.4117948717948718,
      "min": 0.12658227848101267
    },
    "384": {
      "count": 200,
      "max": 1.0,
      "mean": 0.8476848377267326,
      "median": 0.9284802043422733,
      "min": 0.4
    },
    "48": {
      "count": 200,
      "max": 1.0,
      "mean": 0.5693468626960508,
      "median": 0.5549318364073776,
      "min": 0.18095238095238095
    },
    "512": {
      "count": 200,
      "max": 1.0,
      "mean": 0.8709157564466228,
      "median": 0.93875,
      "min": 0.4380952380952381
    },
    "64": {
      "count": 200,
      "max": 1.0,
      "mean": 0.6458038541129287,