{
  "total_spectra": 500,
  "elapsed_time_seconds": 17739.663409233093,
  "spectra_per_second": 0.028185427675012215,
  "exact_match_top1": 0.012,
  "exact_match_top10": 0.012,
  "tanimoto_top1_mean": 0.33753950634598734,
  "tanimoto_top10_mean": 0.3597060606777668,
  "mist_tanimoto_mean": 0.48573851862549783,
  "avg_formula_matches": 3.792,
  "avg_predictions_collected": 10.0,
  "avg_total_generated": 95.086,
  "formula_match_success_rate": 0.768,
  "avg_attempts_to_match": 39.15491105114092,
  "never_matched_rate": 0.232,
  "total_generation_time": 17656.523658037186,
  "generation_time_percentage": 99.53133411114985,
  "total_elapsed_time_seconds": 17739.663409233093,
  "proposal_source_counts": [
    [
      "formula",
      500
    ]
  ]
}