{
  "total_spectra": 500,
  "elapsed_time_seconds": 10115.76919722557,
  "spectra_per_second": 0.04942777857536863,
  "exact_match_top1": 0.216,
  "exact_match_top10": 0.234,
  "tanimoto_top1_mean": 0.5497322793863714,
  "tanimoto_top10_mean": 0.5652743960171938,
  "mist_tanimoto_mean": 0.6604584341943264,
  "avg_formula_matches": 10.66,
  "avg_predictions_collected": 10.0,
  "avg_total_generated": 84.448,
  "formula_match_success_rate": 0.966,
  "avg_attempts_to_match": 15.802090418830735,
  "never_matched_rate": 0.034,
  "total_generation_time": 10035.745163440704,
  "generation_time_percentage": 99.20891795547476,
  "total_elapsed_time_seconds": 10115.76919722557,
  "proposal_source_counts": [
    [
      "formula",
      500
    ]
  ]
}