{
  "total_spectra": 500,
  "elapsed_time_seconds": 16446.265719652176,
  "spectra_per_second": 0.03040203828170755,
  "exact_match_top1": 0.13,
  "exact_match_top10": 0.146,
  "tanimoto_top1_mean": 0.6137783570289612,
  "tanimoto_top10_mean": 0.6233426642715931,
  "mist_tanimoto_mean": 0.7852813463211059,
  "avg_formula_matches": 5.918,
  "avg_predictions_collected": 10.0,
  "avg_total_generated": 90.03,
  "formula_match_success_rate": 0.854,
  "avg_attempts_to_match": 28.95137668549422,
  "never_matched_rate": 0.146,
  "total_generation_time": 16357.470826148987,
  "generation_time_percentage": 99.46009084969918,
  "total_elapsed_time_seconds": 16446.265719652176,
  "proposal_source_counts": [
    [
      "formula",
      500
    ]
  ]
}