{
  "total_spectra": 20,
  "elapsed_time_seconds": 827.6677594184875,
  "spectra_per_second": 0.02416428545440967,
  "exact_match_top1": 0.1,
  "exact_match_top10": 0.1,
  "tanimoto_top1_mean": 0.46209593415260314,
  "tanimoto_top10_mean": 0.5020871326327324,
  "mist_tanimoto_mean": 0.54466033577919,
  "avg_formula_matches": 0.0,
  "avg_predictions_collected": 0.0,
  "avg_total_generated": 0.0,
  "formula_match_success_rate": 0.0,
  "avg_attempts_to_match": 0.0,
  "never_matched_rate": 1.0,
  "round_timing": {
    "round_1": {
      "round_time_seconds": 449.9618420600891,
      "cumulative_time_seconds": 449.9618420600891,
      "time_per_sample_seconds": 22.498092103004456
    },
    "round_2": {
      "round_time_seconds": 375.44839453697205,
      "cumulative_time_seconds": 825.4102365970612,
      "time_per_sample_seconds": 41.270511829853056
    }
  }
}