strategy,count,mean_tanimoto,median_tanimoto,min_tanimoto,max_tanimoto,mean_predicted_active_bits,median_predicted_active_bits,mean_target_active_bits
global_threshold_0.187,20,0.502012613043189,0.5501465499401093,0.08163265138864517,0.9285714030265808,68.45,74.5,68.1
global_threshold_0.25,20,0.5060236614197493,0.53125,0.08695652335882187,0.9047619104385376,60.55,63.5,68.1
global_threshold_0.3,20,0.5122189667075873,0.5243615657091141,0.08695652335882187,0.9150943160057068,56.3,60.0,68.1
per_bit_f1_thresholds,20,0.4717920109629631,0.48912546038627625,0.09183673560619354,0.8409090638160706,70.25,76.5,68.1
