{
  "total_spectra": 6,
  "elapsed_time_seconds": 476.6308560371399,
  "spectra_per_second": 0.012588358315460109,
  "exact_match_top1": 0.0,
  "exact_match_top10": 0.0,
  "tanimoto_top1_mean": 0.6995926002661387,
  "tanimoto_top10_mean": 0.6995926002661387,
  "mist_tanimoto_mean": 0.4833664471904437,
  "avg_formula_matches": 9.5,
  "avg_predictions_collected": 20.0,
  "avg_total_generated": 200.0,
  "formula_match_success_rate": 1.0,
  "avg_attempts_to_match": 23.526334776334778,
  "never_matched_rate": 0.0,
  "total_generation_time": 456.8913266658783,
  "generation_time_percentage": 95.8585288549335,
  "total_elapsed_time_seconds": 476.6308560371399,
  "proposal_source_counts": [
    [
      "formula",
      6
    ]
  ]
}