{
  "total_spectra": 50,
  "elapsed_time_seconds": 1630.1485154628754,
  "spectra_per_second": 0.030672051979142932,
  "exact_match_top1": 0.16,
  "exact_match_top10": 0.16,
  "tanimoto_top1_mean": 0.45540569722652435,
  "tanimoto_top10_mean": 0.486179338991642,
  "mist_tanimoto_mean": 0.5467213901877404,
  "avg_formula_matches": 0.0,
  "avg_predictions_collected": 0.0,
  "avg_total_generated": 0.0,
  "formula_match_success_rate": 0.0,
  "avg_attempts_to_match": 0.0,
  "never_matched_rate": 1.0,
  "round_timing": {
    "round_1": {
      "round_time_seconds": 873.854038476944,
      "cumulative_time_seconds": 873.854038476944,
      "time_per_sample_seconds": 17.47708076953888
    },
    "round_2": {
      "round_time_seconds": 750.5923409461975,
      "cumulative_time_seconds": 1624.4463794231415,
      "time_per_sample_seconds": 32.48892758846283
    }
  }
}