spec_name	inchikey_first_block	formula	selection_hash
MassSpecGymID0203915	RXXVJSOLUYPQPZ	C19H13ClN4OS2	047d787459a9e3206f48c7ff7dbbfad095063f844ccb8421a5c5e9eccc0c832e
MassSpecGymID0376318	BXRYGYIQEUOTHD	C17H19N3O3	04803acb3d5dc454333d9ce2fa201236e10874f4b136e7a637d4ba9020402ff9
MassSpecGymID0212461	PJVMRPXCZQMDGG	C21H20N4O2S	0488ff5dbd1e00501f0d2eb4f9389fdcaa6c5df57b3741a26d828f11149431c0
MassSpecGymID0076175	IOYNQIMAUDJVEI	C17H24ClNO4	0491d40467bc29012d3e403ca3ee8802fc15387d008ab1a15645bf6b20f06e15
MassSpecGymID0253424	SGKRLCUYIXIAHR	C22H24N2O8	0498ff043e1dbbf0ffbc2aeb43941c8794bd0a1790d47c4c847d138a7b5b3d1b
MassSpecGymID0179622	LNPHKHANJCYWMS	C17H17F3N6	049e15ad6dff4a9355c789f54a4a8383414e026ecfc035b4faaca9ce80ae62ee
MassSpecGymID0142541	IENZQIKPVFGBNW	C19H21N5O4	04a09157ad809c4fe1bf6d8bf40e34685de0e46b3c957f4c4d8dabd7defa53f6
MassSpecGymID0204554	BVVRLCIBHUVKNW	C21H25N3O3	04a3c4b8fb90eb0fffcd8e6393341925038666a8d9c2fb420240eb8f8989ad20
MassSpecGymID0204466	VPRFJIZEFDHWAX	C21H25NO5	04a57840e824df6f054366f64b3441192af7801d50e1462d71ee5ff2db8d857d
MassSpecGymID0185711	CPMFRQHRPWPNMP	C19H27ClO6	04a7d5e307c107a53601564e8e1991d38ce5244a2219f6a02f5fe170cde2825f
MassSpecGymID0162767	JFYYCQXZVIOBKU	C26H34O7	04a9e79eee02a3507d8541dc1440b37d546bc46f57e55d3092a4498d04010d32
MassSpecGymID0151902	GGNFGJZLCXTJLH	C29H38O12	04ae50c885e2d3b293ba0552f0153ac7f3dab88821c52f48fb0000ef4482cae7
MassSpecGymID0160888	FPJJIWCMASJCHO	C45H86O7	04ae6be818158c7aff72ba7d8ff0467400a4c0f88a5a67a40c5e4d676306f21f
MassSpecGymID0372097	SPUDVSNUPBWEKG	C39H40N2O10	04b5b08f8123279193b1010bf4143a4daad6e0129e53276c8ac00ded1a7118c3
MassSpecGymID0114468	LHKZIVMTXZLOTP	C28H34N2O11	04b88abc2794f06f16b5dd27d0c39a6b507977b4847ee4564ccd0d799d21b752
MassSpecGymID0061379	RRZXIRBKKLTSOM	C48H72O14	04ba13b3bdad881abe6be3ca0860b2ac0fc3047f51637f30bfdf57309a3bf5ca
MassSpecGymID0335157	YRECILNLFWZVRM	C35H49NO9	04bcaeb45aa8c1e1799936ededf81facd773dbe2729faa0a2e16a95bf7ef5617
MassSpecGymID0229073	IUVCFHHAEHNCFT	C31H24F3N5O3	04bfcbc45cac2d40ceb2bbfdd135dff223e14dc175123f2894e6245e4e4d3363
MassSpecGymID0383740	OUTJRQWSVYAHKN	C23H23N5O4	04c0d10d7ff93af797d4ac5bfce59e54a3378213625010fb7533016e84135c55
MassSpecGymID0225988	MJSHVHLADKXCML	C28H40N6O	04da110fbd54a87c6f3a1a27a69f3571d22be10c1b4754e96aa10d4f34db30bd
MassSpecGymID0209446	XAXLBFXFAXUEMF	C23H25N5O3	04dd1507bd19d9918a149feca0261d423069d310c95c173d0b45fa81e7b30f6f
MassSpecGymID0142442	HYPPXZBJBPSRLK	C30H32N2O2	04e8e36ceef4d3f98524578bbddc62339c04e555f3a209d2e72a040a40dd75ad
MassSpecGymID0225800	HUNGUWOZPQBXGX	C26H29N3O3	04f59a9a3d94f853700d38bec4ffd81859481011500907c73c3fe04933ed4674
MassSpecGymID0091450	RRNIZKPFKNDSRS	C14H24NO4PS3	04fb5cd83985ca1ba1a93e804b060f1d750684166b9435c34f5fc29dbf25be66
MassSpecGymID0241502	SOMGSGOZQKRXPR	C20H19N5O4S	04fca2ea2871fe60aa3e8d8b8bd624368084b4b2dc2f688d99893eb8df0c3eaf
MassSpecGymID0385979	RVLHHZKCFQNHII	C31H35N3O7	04fe88b92e903f7e97ab33fe07377a76b9896ca4f3e1ef40489b22e796a3bc31
MassSpecGymID0214805	ODZSGOYHVGISHZ	C11H7F3N4O2S2	050138e30ec7ca0211f1c0c19fa90157d80459c5a58b6118c8684eb97f7a7444
MassSpecGymID0227183	HSKAZIJJKRAJAV	C23H26N6O2	051c3337afe736bc51350a2b3a064c87d1df63b263ad228ee79dac4da45f767b
MassSpecGymID0046291	KWLVWJPJKJMCSH	C23H22ClNO4	051ebd7e559065135e2077eb3e0124712db73e50ec842c5ea080b870ff576555
MassSpecGymID0189037	LLUFQNWQFSQYNW	C34H28O9	05203186ea6b00d282814fa53f08200dfc6d984e1d0bd72cb69d5aaaf7b21f6b
MassSpecGymID0204275	VTZAZJQDVXOLNM	C18H21N7S	052a70bb6768cbff7c5ed2b2068a59a6ab84ddf4ca4ed0baab33a359d7109ac8
MassSpecGymID0369757	LUULUSZGAPNFFC	C21H19NO7	053c825d63987bc086ec5ad9e308420ebc5d1f520b70d91f81f366526df8d53e
MassSpecGymID0199792	GCYCNNNVEBIXIM	C42H54N8O8	0543552d618c549f08edcb70300b0f28eac49794e9afb66a233666297393724d
MassSpecGymID0223885	ZSSLCFLHEFXANG	C21H21F2N3OS	0547c25a84dfbb13a411c6433197ee15e67210e8d21d01f28b0c89b4d737ee1b
MassSpecGymID0229267	ODPGGGTTYSGTGO	C26H30F3N7O2	054c31dc2a2b3e899413d31af51cc557643d6b180c60ed1efef747960f6d40a4
MassSpecGymID0199845	MDIRDFOZMJDCMK	C21H24N6O4S2	054c70bf3590dd6124d6061ecaa60eaa6392c2c7fd587ebb98ce849610946fc0
MassSpecGymID0341756	XTSVKUJYTUPYRJ	C32H44N2O9	054d456e99fde8cea402c27222d50daf4612d41a55195e015159a3bef25da1c2
MassSpecGymID0213019	WKEDIALPWYAFBJ	C15H20ClN3O4	05505bf1fed7b94eb6b13235d7e5e4e346c8c04a561b0f72eb34b177804b357a
MassSpecGymID0396907	GEZHEQNLKAOMCA	C38H44O8	055dc611556ef2cc72924ede0897d754354712667b81e7923630b24c8e136e7c
MassSpecGymID0241835	BKQWEYFPSIGUMT	C28H31N3O5	055f4c21a1531d215f58c5c6258a194144e880e3721bfc288d96de983f85b547
MassSpecGymID0278577	DBOVHQOUSDWAPQ	C29H30O13	056316eb174704a9ff6d4561b80b999528261e1878226a3b23a45148f9f823d9
MassSpecGymID0232302	MUGXRYIUWFITCP	C22H20F2N4O2	05647ab3d7ddd6dab18df76acbcf3a519798aa6978aebb2b9063287955bf200e
MassSpecGymID0220725	CKUFOBCNTCLXJP	C26H21N5O4S	056585903e194730a2aa224fd9453fb4a2b106f1d103141be46720809db1fbc8
MassSpecGymID0194312	CYGIJEJDYJOUAN	C25H22O10	05739ad31e42bdb8dfbeb5722df7206ddbc26e060a02cea0d7d9765a7467b083
MassSpecGymID0225586	KSOVGRCOLZZTPF	C24H30FN7O	0576d8a97f64ec31843fe5c144348504de1c5e84e9819445af7805f1d8b382fb
MassSpecGymID0077284	JWVKNHDSRADFFA	C44H57N7O10	05790cfcbef7d5a6fd435031c8961bca1bc72b17ff204a3feed14784a710eacf
MassSpecGymID0204165	YQVAQDHJIPZYHG	C18H16N6	05795ba1690821d933d346ced508469375f98f3f493b1f48d93e1a752681937c
MassSpecGymID0067664	DZQSHMPRUIQXPF	C43H42O26	057c52c0aa5834fa5012b64f211f37b447aca8eb6ba562a04d59a7a77e9af057
MassSpecGymID0134717	RIPYIJVYDYCPKW	C36H49NO12	05831a42cc4ba860b54f89bcb43ce81fcd0b24104c261bd08bf29e5299d5b823
MassSpecGymID0059559	WLPCAERCXQSYLQ	C11H5Cl2N3OS	0585d21f71e144f94a833a8e943e624bc0311f637f3b99e20acf7638ab12e8ea
MassSpecGymID0212531	ANRVPJVYTSFHFM	C22H27N3O2S	058625d0755dc3b60c3755a303cc36e860ec60e0256c49523948846a6021edc3
MassSpecGymID0204143	BPXJXCVYEZUYRH	C20H24N4O4S3	0593614d67e1fbe4a3c8fe8702c8a2cb7f44c556e36d5068b36776583c414122
MassSpecGymID0163128	OFOUJHGWJJEVMF	C28H32O8	059c51425a50a2764614e325761d11cbc63a37dd00912afe7fc896855ba89baf
MassSpecGymID0293704	YYGNTYWPHWGJRM	C30H50	059d7a60269bfaa6b26ff012dbae59696710cb245f78611be7a31786ee7d8aa3
MassSpecGymID0219472	SMPGEBOIKULBCT	C29H30F3N5O2	05a1a177fd88f06ed1f483138555a846ac1208a6633a19323450525912d531b8
MassSpecGymID0229974	FWRFPHJSGLYXTD	C25H20N4O2	05a2702c0fb12037cc70da07df9bce41c47725a318142450cd0c0e118dc00e64
MassSpecGymID0204599	LCWSIYOSNVKMHK	C16H19N7	05aab803b0ffbcb00de3d1184020f4768cfbdeba8202db6a5a841f6c9efa9858
MassSpecGymID0153990	XJLATMLVMSFZBN	C19H35N3O5	05ade8d65615fc4f26f812c6021e1d80c405593b169c5d1971f94faf574da0c0
MassSpecGymID0390186	JKCJSQKIASUTKA	C38H44N2O19S2	05b02d1a420dbb32dd8e4c9370feb07e2c8116d4c75fd72141829609da9e94c6
MassSpecGymID0300349	OUGNWRCWQLUXHX	C29H32O11	05b862df2bfd34ac62165ae023dc353fcbe9a64c587d923d9d8a66e7164f6570
MassSpecGymID0204882	URQXIIHSGKEZON	C17H21N3O3	05b9079bb252afe129bc245c3a37364d4ac41023ef533cb961c1d9db00a73c69
MassSpecGymID0226944	VKXWOLCNTHXCLF	C21H30N6O8	05bea29cee91aa7369fe81d981f848bcb5014b8dae8a5f03f7914012c4da854f
MassSpecGymID0215684	BQQYXPHRXIZMDM	C28H29N7O	05c14f1ce546ce3f4a178ff5d43b3379d8f7020a6e3cafb8af4209e5f991d855
MassSpecGymID0239302	FSDGTYAXLWTVMU	C21H19FN2O2S	05d876c391de13d96f483eba110dfea3b0fca075495d18cef865538d80cfb62b
MassSpecGymID0370978	UVLDARVNLRWGBB	C37H46N4O7S	05d96484019aaee08eaab00d675859307d5270fb3c7117c67432092b51088d83
MassSpecGymID0056496	CSPPKDPQLUUTND	C17H29NO3S	05da814ae751e4b4648fbdbd5949b95766cd2d09d939d0859a9e9cc2170ca2ba
MassSpecGymID0208519	JGOYSKCDQZZOJN	C16H19N3O4S2	05e203e47bda6a96e14932dcd78c7c2dc126470fa885f4a11e906cf2eb0d20b5
MassSpecGymID0082891	HBBVCKCCQCQCTJ	C22H26O7	05f53e4de56c0b524b0c59c367d6428d0724ee275efe20ac31a445813b34ffe9
MassSpecGymID0157815	IVYXJYNRIKSGRV	C24H27N3O7	05fdd501c728c6e7298a6d4c5f616eeeb49d26056fc605df83f26bda1aebc06c
MassSpecGymID0212838	XKSIOJNHGNZOFO	C25H27NO4	05fdf9dd17bf2cb8917c89d64128f6a5f3c681260bc8f06c112041338f905c41
MassSpecGymID0229224	JSKUWFIZUALZLX	C22H18F3N3O4S	06017f90e8cde09880ad2baddaf3170970ba19de45ddba020c00ccb4b3b1c397
MassSpecGymID0182379	BWWVAEOLVKTZFQ	C15H23N3O3S	060ce7facc30047f9ff6bd097bc1d7629779e0558bb75bb451c97f8282223c10
MassSpecGymID0233457	USNCWPSRPOWEBG	C32H68N6O2	0619737cab8b4f5047af3663e0a9660f2535c61d38519688b85557260c4e68cf
MassSpecGymID0213696	GCKXATWVQDPCKS	C14H10N4OS2	061b4cabd5ef618ad18479c0aa9d5a82b00637d6e12dae05b5e6e17abe43240b
MassSpecGymID0228928	CTPVNWVUAGMHEJ	C20H18N4O2S2	061e46055d686e8a9c1551f322b0fbd9dd7ddb43c87d492393534a5c46733503
MassSpecGymID0232076	NGQPRVWTFNBUHA	C23H25N3O3S	0620a87d3c19f1c311fed0f9268620f43cb907eaba172dfb501344c3e675e551
MassSpecGymID0206085	JLSKHSLZCZVXLZ	C16H16N4O3S	06247d5c031ee2759efe8463dfed892dcd13372f6770a5b1d7a4c475a18439e1
MassSpecGymID0231226	WLBUICQBNZXIDJ	C20H16N4O2S2	0628f55ed5560c424b9591185e31887a3723c165bfdbb3da0c773dad13b5e2cf
MassSpecGymID0213989	TXWIBGFMTYCNCO	C12H17N3OS3	062d274b95b6c0ab96fc06a257fca86ed5e86a544edc8ccf4e24e1e612cd0e7c
MassSpecGymID0202376	OGQICQVSFDPSEI	C21H21NO2S	063be6cbb273f574ce3488ce4fc826b55843e16f10c247a20165c01418631c29
MassSpecGymID0206105	JPCHZFNLLLDOPW	C19H18FN3OS	063c42f8ec7b8019e81531454921a14f324af402f0fb324c37d558804653fcf2
MassSpecGymID0238129	WGGSYXQFYRWBEC	C29H22N4	064098bb9e4cbb3b04687a55a6599cfac122758aa435e87d1134fd77ef485964
MassSpecGymID0212510	DKMPVWXIENHAEZ	C18H18N2OS2	06438b76db6ea2cb7330f957acdae52ac407b4b2c5f31fbb370612d9f16a2e62
MassSpecGymID0142472	WAEXKFONHRHFBZ	C23H27NO9	064468022305ce3072170d277063650c50a308f437216116da8c58e78d2b5d34
MassSpecGymID0078381	ZTEDFROSGMEYCI	C17H15N7O5S	06476aa41bab7f9c71616068257bc77a36b6ac47afdf91a15647ffc71fd7795b
MassSpecGymID0154344	LOTLMZWGLBOKFL	C35H60O15	064c8c4523fc9eff6518d24176f63c9b57ad4c4e3e3b5043c892007c294d228f
MassSpecGymID0232475	XRWSZZJLZRKHHD	C35H46ClN5O9S	065ae7f0042bca59056338765f44299ccd1933e69cf465515a3724fdd5e0d1e8
MassSpecGymID0229931	WROHEWWOCPRMIA	C21H25N3O2	066985e3b515050a07e72e02d3b16ce1e457b1d7ea70c246d1a1159d2a085d69
MassSpecGymID0231728	PAEBEUZTAPIOIO	C20H21ClN4O2	066a9f3ac7fcf0c6520ea896c6c2e8c7b675cb26050f8c730d12b45386abd898
MassSpecGymID0371725	NVXMWPFVIMTPPT	C23H31N5O2	067939d2a64838e5b33f1163f12ca5ac7b57c7c6f0ca64d121383ed62bd6157d
MassSpecGymID0206495	YDLQZXXANBJEEO	C22H27N5OS	067fd505aa4af1c1f831a64badc68fc0b3b7f494f164f288bb9dde3b97b342cf
MassSpecGymID0227591	WPYWMXNXEZFMAK	C36H39NO5	0681f66f8dfc898da2961923fa9a6ed3c9a9855d4bfd23d36a10cd1a21ae1fd0
MassSpecGymID0014723	SGTNSNPWRIOYBX	C27H38N2O4	068545bda32de22f403c052dc55650d3c92912e518c89ce7e4a0a3d99bfd529b
MassSpecGymID0205296	DJDFHKVJPZXTOW	C20H30N4O2	0685c5a1b10e6465f4e0674fdc85437d8cc9dc04d93ba812e4c8ce09333df062
MassSpecGymID0142827	KGFYHTZWPPHNLQ	C19H18ClN3O5S	068c1f29fa46a7050900032a0300e3043e5c1bf1472851cef799c99523755dfc
MassSpecGymID0224089	ZFBHXVOCZBPADE	C39H37ClF4N6O6S	06a7c0491d55970169f45c72bbafa97f59cd8e5ba9e78cfd9302a644b2f87630
MassSpecGymID0202548	GPXBXXGIAQBQNI	C23H18ClF2N3O3S	06a86d8ce1c5904600aec59dcb17887f672dbf34e85caa8c569841285426e9ff
MassSpecGymID0336847	PMVCHAWVCIWVLP	C32H40O19	06a8ce167952343407db45250e00505b2b11217443a804b20c627132b7be57ef
MassSpecGymID0244372	TWYCSUHRKMCSIR	C14H17N7O3	06a98e0d4882f91e5af544df9af56e3ccf6fee533fc94c217e69af76e1c0dd67
MassSpecGymID0225948	SLRYMOUSQMDJPH	C23H23N5O2	06ba4e07fabc2a06c36553d734bf98b3b9003017e9443327098b1259ebe89e6c
MassSpecGymID0203406	QTTUBTNSWLIYPX	C26H38O6	06d7831475d37401085c5e438c474507a9e87299f961c14a789b144e5f9da1a4
MassSpecGymID0187118	DTOUWTJYUCZJQD	C29H36O15	06ec9c2abfc375a63419902d76ed40418faa8256653adb633aac9b8edc3ef46b
MassSpecGymID0215326	OKNJTFQGVXJHLX	C19H18FN7O2	06efe3348c6e683975b7687e8ba3eb2bad207e966c2ff1342c6a7ab1666b0e49
MassSpecGymID0206683	OVAMSAGPVUYDIW	C16H21N3OS	06f92d3585e69c84b117356f71211394274dce4b82b2004a33d3119094418937
MassSpecGymID0204640	BMPKOXSAQXZPCM	C21H28N4O	06faa50ef9b1133d0f3bb7a97cb2ffb94699acf811c5a668d86720236ec4a8fc
MassSpecGymID0250302	ALTWMMSPMJSYAL	C27H24N6O8	070197bccb76ece7588a150449a3f8c479e7a38ec6f67e2aed844a03612f1296
MassSpecGymID0211835	SKZMLLOZZWNWCK	C23H28N4OS	071b22d5c15036a1bb5fc1e29e3ef8901ed7da49afaa41bd47bf3aae2d49dad1
MassSpecGymID0209188	HJPQNKRXWKKENN	C22H23N5O2	072a9722cdeeccea066ac95a412c604e76ddb683a94228347f90913c7d0556d7
MassSpecGymID0081418	RDJQCOBTKKAQAH	C22H26ClNO4	07349cb318e9bc2ae659c44e372c9f93114b42a405e3328fc054560594935d12
MassSpecGymID0320837	VANSZAOQCMTTPB	C30H26O10	0737bdba81f679025ddc1f2c215eb19a0f21b95f628d9c88f2736cd0b41c354a
MassSpecGymID0388220	DAXZWJMEKUNRCD	C29H38N4O9S	07482e6ee58434bc39f522a1e22a0f3d9a67ed43813f4ded5822d4186b86906d
MassSpecGymID0214945	UEPZFYVUMGXXSH	C18H19F3N6OS	074852389bdc9d6aae4f1185fe2f22ceee7987d20849670fca7312e3a8f80141
MassSpecGymID0245663	UYKHSYATOFJBMB	C23H20N2O2S	0757f786153576f4a709a82540da3381dc4ad8c7896b8a753b4c1585dacf60a8
MassSpecGymID0354615	GKRBWXABVALDGQ	C29H36O15	075d2cfde9dfd11b03a30fdd74868f03cb10ccf750b574353e44b19b3ad60b5e
MassSpecGymID0333355	FEZDDYPHEHMXLF	C32H50O7	076118143cb9673a434e5531add719fcbcead2254df56342a7fe18a841505d40
MassSpecGymID0189093	USUPWKOUEKWYER	C41H54O14	07639071848d0c62a7331b10f04fa460084903dae4be6f8175298300d87db1fe
MassSpecGymID0212757	BCMSCQHYBDZWMG	C13H8F2N2OS	076a4dfc1d10dea32027361d3a8bb365c305c0321c8191fef5c2a78d0d128a37
MassSpecGymID0190542	RNEQSBBQXWZUJN	C27H36O12	077a447e130d6c1e6db3ef3cedca78581429b0d05c2b64f999aaec5037af9c02
MassSpecGymID0224475	OUKYUETWWIPKQR	C27H32ClN5O5	0782a2c3cb6353b365db72f6d5821c31a666da28ff4504371c9a3d08d2daf831
MassSpecGymID0212153	CHCKYCJIOZMEMQ	C19H27N3O5S	0784655e2658ea2491e74d9713ce3f6759be028b1f2bbcf33996c1b5234732c6
MassSpecGymID0194710	RCDRNOBFNNSZNW	C41H66O13	079305fec7d8a288e9b71a782b7f04ac4e9e3025b87beeba50ce9e8a6d0ea817
MassSpecGymID0243401	CKRZGCPROGECTO	C26H27N5O4	079c4a36c8893f74490df2599260720d912a5c6f37cfca6519634b5e3e9429a8
MassSpecGymID0297744	KWDWBAISZWOAHD	C42H70O12	079fc0ee7be067a330d012e2282343c0d24525c566fd92a6fcd935eb74b8e421
MassSpecGymID0205401	GAAPCJMMGUQRMH	C22H32N4O3	07b779e8dc87a90b27b51bac3bba1aea7305fd404e3d442b5643463764e118ea
MassSpecGymID0240097	TZUMHGNAWOBUHF	C21H18N2O3	07ba3415c87ccd03b9d673233ab3041282587c5fcd4cb7960c681c484a92b95e
MassSpecGymID0235017	LCDDAGSJHKEABN	C19H26F3N3O3	07c14761e54b1292641905872128206d485da8581d65f87f7da465689c8e53ca
MassSpecGymID0203811	YIFXQLQWWPSRLF	C17H20N4OS2	07c54b2167db43db024ddb504d25e826bded866337711ddacc09ffee27c9b2c3
MassSpecGymID0233779	GHOSNRCGJFBJIB	C33H34N6O6	07c5ad0cc4887018ae84f74f4376de68186997f0fcd685618e0a8f7d31d8d9d0
MassSpecGymID0214247	LJHPQXDWEJPJLK	C15H14N4O2S	07d4fc1cb6dfe05950af49c8d2158ad6bffd139713985374dc38430e319e9ec0
MassSpecGymID0378142	FCVHQMAHORAAKT	C20H19NO6	07da3bb1b36359a1a5b0afa07bf6c3338691f981e7ddb559d02cb99f57be3b26
MassSpecGymID0219886	VQLNKQZLPGLOSI	C28H30F3N7O3	07de55959cac05b7e2abb76d4ddd5a56ff968ca26cca9898ac808c6aa73a2813
MassSpecGymID0207258	BDXIYZOVJXKMLX	C16H22N4O3S	07df7b594430ce5d26eae4cc2d937bdc429cf2138751717e8a7935d676be7dc3
MassSpecGymID0205124	JYLAZDLBJKSPAD	C20H30N4O3S	07e0bd777435270aeb993a7c4938f6caa8bb71dd492f80c6508e84079ea43347
MassSpecGymID0309172	GPLOTACQBREROW	C36H28O16	07e15d480ecce37b2529458a20ccc80878f27d88825a772844cb7d023f4c36c5
MassSpecGymID0220282	BFSRTTWIPACGMI	C26H27F4N7O2	07e3a92c98e58db3617cce512a1bceffbccea8118ecec0fa44e85b68689486e8
MassSpecGymID0383269	SIWOWUAUIFWBDY	C38H49N3O8S	07e439053257c580f0caec598806bd305f5dd5836669cde344119d5d9f212b7d
MassSpecGymID0050424	MIABSAQIFYEDJP	C10H6F17O4P	07ea6e45dfdb15372a4a5ec6c31a87507fd027a3de0aaf36a286ba393e579467
MassSpecGymID0081654	VHHGUBHZBLPTKL	C21H23FN2O7S	07eee852ba993cc736d19e9bd1663385977f47c03d48512f968c12703e3d6011
MassSpecGymID0051459	AOWQKFDVSZMKPA	C16H15F6N5O4S	07f173b4f1a9dba7529b41c38d404996b79a29dfcf1200e7e424666b0868dccd
MassSpecGymID0238669	BZFGYHOKTSIEDA	C33H36N7O7P	07f9070a7bf959e9c02a6524833b37ccb279b4c9c398919f2026773e93b87c4e
MassSpecGymID0224646	PIQCTGMSNWUMAF	C21H21FN6O	07fd6a711d30c37787c1991d3caf57e2c070f15ad4c66d843e2c7a08338348d4
MassSpecGymID0210528	ITMIDSGCYPITAG	C20H25N3O3S2	080231ab0415b28b699f7f3e994f387d5c3d6e79d8c7a6c85941a6c28744fda3
MassSpecGymID0236418	YYOOFJZTRCPVFD	C24H19NO7S	08086f8e638d650a3701016a6e213416c2322a1e254f1a601e7aecab9630de5f
MassSpecGymID0079919	IPKZCLGGYKRDES	C15H17N3O2	080a342a2b48905d6ec827c6d6f59c29c14620bc80d5d48622b778dca87cdecd
MassSpecGymID0209349	ANNLYINFXDULOD	C19H22N4OS	0812ce353a27ef45f3c3b5c2c846cf686a9bb38e778d96e12f81dc8094fb5a41
MassSpecGymID0197846	MYIUHDZRMLFLNJ	C36H32O15	081856030f4095a7968ef0ed0db652dd74508a592fe6328492d5980ef1b79074
MassSpecGymID0215675	GLNDKUTXHKPGRJ	C24H32N6O	081896c237e0c191448c51169e4ce678aea7b3415b8f79218e0f28ed8a565c5f
MassSpecGymID0082621	FCBQJNCAKZSIAH	C21H23FN2O3S	0818ace9723d529a3fc678f9db7749e6d133a6cc3064ab7342175ebcdbc17ad9
MassSpecGymID0386160	LJWPEDHNPDOGIV	C35H44N4O8S2	08275acd28723d25a3b17b4dd92456d5a3370a4a206102d5377dcf834d530764
MassSpecGymID0231888	KXMZDGSRSGHMMK	C30H34N8	082a657cef9cef4f9b5218837b6257cf565d87d5caa77a32ea67b3977f0425e9
MassSpecGymID0210485	AOPHONVBZIBTJM	C19H19FN4O2	08340b082b50b7c1db0c6da15185b97dc437bb554be39dd5ac3d5ad749d43afb
MassSpecGymID0233998	CJGYSWNGNKCJSB	C18H24N5O8P	08369353524f514ef9580c1cbdf659432d6571b75639c6cdba2e6b57ec25392f
MassSpecGymID0234643	ZRTQSJFIDWNVJW	C14H10ClN3S2	083dd79034602ed1b1544c0a04d44a6f28e13c35a157315fbb502133fd50e183
MassSpecGymID0205242	DAZUNJCWIVRHNL	C22H20N4O4S2	0847431ad83b14f43823fb27cfe711a29cd485b18076cf4525c77d8286e8767a
MassSpecGymID0237808	DLNUPKDFXMWRFP	C30H35N7O3S	084bfbf7c67261355044177392300d9c39fda4bb143f55af63f106de572fe04e
MassSpecGymID0146958	XLTANAWLDBYGFU	C37H50N2O10	0850f130199042c2f3c30c835558558e3642838e8094651492a24ebca60e03de
MassSpecGymID0205359	XFAXLQJMFNJSAN	C22H27N5O2	0853ede6b33474dc9af667ae611eb0a94e0d593324ae5dfd66e626e4e04bdce6
MassSpecGymID0203732	PWWIFQHUWJQASW	C20H23N3O3S2	08596868253d6d48806c388cba277b0b311d66adae3b15a2bc778d4a95d707bc
MassSpecGymID0158049	ZMOXNUGOJSHBRR	C19H28O6	0861df4451bb5ce0043bcf821a642ef23a8e6b5b6bb6d41066c38f905bd2a998
MassSpecGymID0088998	CNIGFESSDPOCKS	C23H19FN2O7	0867ef63a9fd3d14d42961e630bcff7a4e086057eb4631e5f55c70f66d2a00ec
MassSpecGymID0314345	IMRGSWAJVVVYOW	C28H36O8	086e757efecfda4e8299bfdbbecce8ff281d819d119a48321fb31c8cb7505656
MassSpecGymID0078736	LVUVWJASQQPDSL	C17H16N8O4S	086ed56716cf3a58ba8d8a9a09bbb4c50076abecbef7b551c9bdcbd603b6a197
MassSpecGymID0081806	RAVIZVQZGXBOQO	C21H21ClN2O	086f0543f71da0abd10a316117ab13f93837cf80847478e87b5067d1559cc603
MassSpecGymID0231220	QLXULUNLCRKWRD	C18H13F2N3O3S	0871cd85adf9c31a6c25dbd2d0521eed3d5b4c83a6fd6029d2e7f6db1f64b2cc
MassSpecGymID0237928	MJQMRGWYPNIERM	C15H14F2N4S	08765529730f8114bb65a25bf417c8432fe9a1cf799e686bb32e48ad827e7a10
MassSpecGymID0233837	MFSSHRCJKRDIOL	C17H14FN3O2	0881212609adbd295a8e42e82f92b8326f5cb55dcf068bddac18df00cb92e523
MassSpecGymID0152858	ZZGVJHSBRGZEML	C38H54O8	0893d30bab10a85bfd9327162486524ea30e2139ad397099df127d95aeea38d6
MassSpecGymID0232200	LYPCULYCGFOIDA	C19H20N4O3	08997f02491e5e1845000d29d81651b56cbfada52f4c7a24a17c6d90175a4052
MassSpecGymID0225433	CZGVOBIGEBDYTP	C28H38N2O7S	08b146be9d44fb397002d1dd9516cb630d169a0a25a794281ff9d9331d98dd1e
MassSpecGymID0347503	PULWZCUZNRVAHT	C31H43NO10	08b3957033590131485e18940c9b41203797176b5923d60849ce398478b37901
MassSpecGymID0004099	ZGHUDSLVQAGWEY	C13H24Cl6O8P2	08bbaa01b5d4f42f927281b001b90426c337cfd01b24992fe4efafb498137561
MassSpecGymID0227538	OWLQZFQCFCNPKV	C21H19N3S2	08be90ac4e7605fb0eec32342e110ed7fd03dcd23ff1ede28a319ee15aff5936
MassSpecGymID0034846	MFFMDFFZMYYVKS	C16H15F6N5O	08c3882e18fec445e13600d58d4e706f5c258ef40e00ea50fdee1ca1694460f6
MassSpecGymID0226874	HUUSXLKCTQDPGL	C20H24N2O5S	08c436b9e6a17cf3786f1a5e96901ebc9a80437f6181a90e1469bc4b3ff77c50
MassSpecGymID0203829	CUAUBJZNRREZCR	C18H14N4O2	08c6c8ad7872fcfd259b4f639eebae1c3d4aa1eef3be54667724918aff5145b1
MassSpecGymID0229771	KDGFLJKFZUIJMX	C30H34N4O2	08c93bf11fa80a4841562ef5c7fe03d3177c8914c4083ce892947634122a767f
MassSpecGymID0193307	SWJLTKXURNHVHE	C21H23ClO5	08d265ca7f5b5effddc065b1d831a01754a6029628c6216f6a54b674efbac05c
MassSpecGymID0205993	NATWDNFSGQJWSD	C17H21N3O3S	08d46893c78d83d51920fa69e7793fc9553705547b70a52d4232e151bf54998d
MassSpecGymID0062067	OROAFUQRIXKEMV	C23H24N2O4S	08ea81860a0acda1631816ceb234f0ef69dc855d2f1d1b8296404d0bc5ba88ee
MassSpecGymID0211450	IRLJRBGBYUEHMT	C18H20F3N3O3	08f6401fc2295f8f53ef87b76058bb92cbe09b3a36108636eae830a66d6777ee
MassSpecGymID0089633	QULLOTSYPAOTIW	C19H22ClN3O3S	09037f880b205f00c3ae6decb42828c947f98d99b604ad9d302a5da6c4679a1e
MassSpecGymID0214175	PBMQTGVBSHLVPP	C18H16FN5O2S	090723bf0cec0f352c0bd64ffbcc4d94b684742371f329fa4fcc1b6a4094ea58
MassSpecGymID0220379	XDLYKKIQACFMJG	C22H27N5O4	0907347bf3de8133724ac76dab2090c011659fcb8581f25e9d9d19a5eedd8b9d
MassSpecGymID0157392	VDRDRMCAECTSGB	C17H23NO7	090e89a1745cf1a9c73ea3f505d731c3c60e6093730ad82d13ded99d9015d07d
MassSpecGymID0000237	GYSCAQFHASJXRS	C45H57N3O9	09133e3d9cf728236e81400e5284d5851abefdf6eee2a20ed51f090a7346edb1
MassSpecGymID0223109	NXFFJDQHYLNEJK	C21H19ClFNO4S	091649a28d1b90dda97496f4b6434b419b4fbfc30c5b40575db96d4f7a5e9666
MassSpecGymID0164880	TZLCZBLLJUXBSB	C40H62O15	0922ee79d129b06d422e65019b22fa6cf51f5fa941aaba7ed602be9b03088c3d
MassSpecGymID0215323	BMQJDKFGXQHBRY	C14H10ClN5O2S	0929fc5144c8585f38bdd55f342dd24bb7ce473a60b112bfb8d0e0f7d14382ce
MassSpecGymID0337071	SVHJCTSSYQPWEV	C38H34O19	092f0b88faaf1104d2481b8bd6e0781fc08f950fb7afdfece8b65dc3b089dffb
MassSpecGymID0238293	ZNXOKLWCOWOECF	C23H27N3O6S	092f2d304b2e18bcd239b8dda00c4821e999a02bfa80bf0d2dbf73b588aaeaae
MassSpecGymID0046648	USAWIVMZUYOXCF	C14H10N4O2	09302e0217d34dd29252acb6512ecd8d15c120602de86599f7400ead53d4431b
MassSpecGymID0234800	HLORMQRMDNZHJH	C27H26O8	09394dc7622aa86edaaf16c3c8a04b80d4814c171680e0d2ece3938018d00688
MassSpecGymID0188380	XFMVTQWDJPMKHB	C26H42ClN3O3S	093fdb42f9119b99cebcfc199023307d6605ba6025f3266cd4b6a59eed959eba
MassSpecGymID0223968	IUEWXNHSKRWHDY	C14H21N5O2S	0940a38294fcb8b503ad2c5baf46a250d8348193987396c22f3ab12d37722b0d
MassSpecGymID0237797	UGEWTLXHMYKLCO	C32H37N7O5	0944334cb8a948019dcee7a76a085ca107b3a1cee520b7a90281602b3011ca4b
MassSpecGymID0162312	TYTKCJXGLSJWJW	C21H24ClNO4	09493d907349c950c57c04649dd1dd2bcfb63376b10ad276d5605c33923505d7
MassSpecGymID0206687	ZSQREIZQPIOWIU	C16H14ClN5O	0949b8d25c824e689392e709a1f4b96b33bce1dafb95410f7ab1411be7cd8c49
MassSpecGymID0297585	UZIOUZHBUYLDHW	C42H72O14	094c0139041a8bb96dbab7091fbd6cb4b4a9aabf459f80b371e5ee287e3b30ea
MassSpecGymID0070234	WNMJYKCGWZFFKR	C19H27N5O4	0955241e6d3fb398a8ba2169d643f69877f50aa395b952e8a2a0bb6e33346726
MassSpecGymID0380543	ULRPKNXAJVTGHF	C38H47N3O8S	0956c1d717953e7c0de24fd70eefde4d049402fcc867fd6c3a10b36b17bdc71d
MassSpecGymID0072290	KDRPFIWYMNONLJ	C38H69NO14	095d1e1543fa8447b2bf095b06b2ab6445d195503c4666f125d368e4692c1b9c
MassSpecGymID0396193	HWUUCABYFFQZHH	C40H57N5O9	09687c50160eeb70550fe4e697e67f6bfaebe1159f58cc51ed4e3d36a0f3f8f6
MassSpecGymID0343883	UNLDMOJTKKEMOG	C32H40O19	096b018927d2395754454aa4312874d65779553e12e9ab1222ab67832c96b020
MassSpecGymID0246515	YXBXIPWDPVPYCY	C14H16N6O4	096f291a5c5928a90094a17188c18689980b107d249f9d672f150c07fcc4470b
MassSpecGymID0182776	PMKJGGBYYNEYPA	C19H25F3N4O	0973f41907fa65472965605c9cd0a045b91eb9d4545fafcd50547df578429c2c
MassSpecGymID0220679	RFZKSQIFOZZIAQ	C24H26N6O2S	0984d3e48a740ca600875407c2b7b50c2ba064444c76d24b55b2a61377c336cd
MassSpecGymID0095715	DQFPEYARZIQXRM	C20H27NO3	09864e160b38c869f8fb758cff307cb3e1e486064a4b5880590c05735bbfce9f
MassSpecGymID0231026	RMVQVAZRAZGSTH	C18H14N4O	098719a5231499b6d3903f56cd935d7c17a11e6b361a7f58f741bfae9cf92fd3
MassSpecGymID0205545	XRPKLMRFQZMVNO	C16H19N3O2S	098bce5db3d76384e2310037d466d22ac712518071deee7dda3e975a642435bd
MassSpecGymID0165011	GBGKVNUYCBHABP	C33H50O21	098d27108c519c0dcf015c24d7f1b72bbffdb930c1a86d1c0bc68653577e183c
MassSpecGymID0209332	DLRXTPWRTAQTNV	C26H32N4O4	098d82b8e07b38e9677e5665ae8cc5c47aed6c75bc4c28e128f73d5c13d739af
MassSpecGymID0207528	FRZQGZSDMNKEQQ	C19H14ClFN2O5	0991b518c62fb460326d55c0dd7d771a192f06d9ed223dccf6f8d6fddf717844
MassSpecGymID0212570	MCZLEHUMXGWAJZ	C18H27N5O3S	099d964ceb7f1d99c6412aae7f0b4cffb7da64e971a20c33ba7f811dbdbc8fce
MassSpecGymID0335353	KLQXMRBGMLHBBQ	C36H48O19	099e8b59907f7ef8d35abad2851ac960d0d81d82454eab72a0d4a96d55d2505f
MassSpecGymID0208400	ZPZOOQGFJBTWMM	C20H24F2N6O	09a358c230daf0e83b982f9578327d14e32d354d263163364fb57c88d9d65b39
MassSpecGymID0221343	JRNJNYBQQYBCLE	C18H21F2N5O4S	09af8f4fd7fef43ef0423cc8d0e550f144151e41594f56a8b0fb203b7eaece73
MassSpecGymID0208409	SOZSSCDTBMFFHX	C23H22N6O2S	09affacb2a5e39881895a41f564105426d3dbcf64ddb401356e6ba2dfb192442
MassSpecGymID0334818	DHJXZSFKLJCHLH	C32H45NO10	09bc4baad24564289aeb60361d1e4e667cd636ca7504a26e9d4751085842904c
MassSpecGymID0208053	NEWXZLFUHRASHG	C24H25N3O3	09c0ac4abcaaf051ac2d4a6451adab283405bf7c8b2282e326f0d0f9814ebc0a
MassSpecGymID0387220	RUFIGEPXTYTFFK	C33H36N4O6S2	09c9bb3fde2e12baf301419a77f59bac142ee401334a30cfdedc07fc96557abc
MassSpecGymID0214124	MSRFHWFITNYMTJ	C16H21N3O3	09d008d0975b95293a8f8ffb0e7281bfd20e9e3d2f31c782aa952e0fb9d7f989
MassSpecGymID0193874	ODNHLYCLMUNJRG	C44H68O16	09d4d3072a3ea65ba499ac4399499347f47afdabd905f919db9a156c63198cd9
MassSpecGymID0311517	HJEXOQUMFMERIM	C42H32O21	09dae7eb1a7aea5edca895514aed8df0d330e67f7f77a216c534c35c38fc717b
MassSpecGymID0001673	RIZAHVBYKWUPHQ	C32H36N2O5	09e5bad547d115d30062391ac0539fec6df256590f443a74313392bdc3ed629a
MassSpecGymID0231635	NMFIXEFNQPDISY	C21H23N5O4S	09ffe2cb4a8e188ec7827c15d93707d92481dbf2ab6a47766cdd69c5de5ede7a
MassSpecGymID0235339	LHHCSNFAOIFYRV	C27H45N5O5	0a009a0d6a7b0ed247bfa1c0b68cd0223c0faf0fa87f4d7e5345426f3dbcd7f7
MassSpecGymID0219004	DZTGIRNXWSZBIM	C18H17N5O3S	0a14419c08d378e556d8661b4050257d65e63121da4e0595271c641d36752ae8
MassSpecGymID0204753	YEKKHUHTHMVGBZ	C20H15ClN4O2S	0a17832921a7824003858623d5c89b549e87d66c0c004e59e1370944d7300e78
MassSpecGymID0236632	FBSKJMQYURKNSU	C29H36O15	0a1fa1d23253e9844247060fa51c94bf0e4a4e8c1d470109ec637f2206d5f469
MassSpecGymID0059172	GUGOEEXESWIERI	C32H41NO2	0a30e0dda9ea526bb2e39141b9e289a96733f05f9cd98f7c695c51c9a1c44a28
MassSpecGymID0205381	ANCXPXINDIZHDI	C22H18F2N4O2S	0a355874424913fc069ef7b60c0c0852fcb37dd965f20e3100b7ea2ae8bc641e
MassSpecGymID0047428	FROBCXTULYFHEJ	C22H22ClN3O5	0a518f680437cb67f7d14df7907eb233c808125062cd03dc79cd3870c086d4ea
MassSpecGymID0076069	HPJKCIUCZWXJDR	C17H11N5	0a6d5fbd5a4b02208f4952abecd209855090a8894205ccee1f2da52aa7e3d49e
MassSpecGymID0209340	HAHRBZQJJMONMI	C17H22N4O2	0a6df4ca7ba869dae5f9ca7f1ec63728cf09c893b72b7fdf3d01b8551b1e3aec
MassSpecGymID0198024	MXMCPSADIJXXRC	C35H50O8	0a6ef338f91b1463ac92c2f99132800e869c63a83ad91bfecb3856045c184f92
MassSpecGymID0223838	FNMHEHXNBNCPCI	C29H36O15	0a70f3ff7070fc3624fde90d81b16fa4ad3bbb3c1c27330f57eca06019ff0f7a
MassSpecGymID0205943	ZFJOLIKZNBKBDZ	C20H21N3OS2	0a736ea8b96d27aa4c8b51e0205f2d4def6b93d88e3807ca5cd227cca034fb64
MassSpecGymID0380446	GDHMEZCJJXUPRD	C37H42N4O7	0a822f48442b300ed9829e628adfdfce6d4b882776c7a32bf1cbbdd72f1877ef
MassSpecGymID0159790	CNQCBOHTKBVCFM	C22H36N4O6	0a8309e248589595dd84ec7fdd96b0609abdb8c77433cdf0ce234510f621145f
MassSpecGymID0219093	KPABJHHKKJIDGX	C28H33N7O3	0a84e9719d0f40728063cee87d83f39071061d9cf5a24edb91100e9e89b5d78e
MassSpecGymID0040057	UCHDWCPVSPXUMX	C35H36ClNO3S	0a91ee0af112e96637781b5cd9341ebb1bb243dacadc5fe6fc86e53c0a0dbe1c
MassSpecGymID0331362	GOOFZOQDLIMARN	C36H46N2O13	0a939782676ba6fb9560f085e257af112102652c29c99f1c81fd8806d3be138d
MassSpecGymID0168902	JVCNHGXAVMINTN	C28H36O9	0aa5e922740b2b5f72f50fa8f7511b63b73178c5ae276d93790d1b2560b2e828
MassSpecGymID0208039	FBXRUPQWWWDDEE	C18H21F3N4O2S	0aa621d6f4b6270a1a7398c90f30894ee2df7d857cc810821eeff0e8af81a125
MassSpecGymID0225498	JTGUGSWLWPKCGF	C24H28N4O4S	0aad9a0eae7e21e2fcf010e6260660ba07a1890bb0006bc2e65a900888e01042
MassSpecGymID0233665	NMICSFNNFDNGEL	C25H20O9	0ab4cbd31760fd28a2428f0bf7c1824b6f41d2e212fa6474d621d7b79d90e273
MassSpecGymID0162813	XYUFCXJZFZPEJD	C28H26N2O10	0ab6f5499a14555892460a5bf2f39172a6a951e69ff212b2469ce880fdac49c1
MassSpecGymID0235944	RZGFWGNCSYUEPR	C26H25N5O	0ab84689b037108996380081e9c1dfbe80c0f053a9565bcd590792c769ba2f53
MassSpecGymID0210155	YXAPDJGWGYQIQW	C15H20N4OS	0abbf67c8abd6df13892c18b684138361e6ca285d1b474c241aa5e060b41ce37
MassSpecGymID0238190	UWTRKIJAGTTXNM	C22H22N8OS	0abe6570b3dbaa9f6f673494760fd2d3f6bdfcebfe27be7fc83aac5c1b49e445
MassSpecGymID0379819	PKWWCBPJIAJTFT	C58H72N2O8	0ac329ec48c6e454c128d05d1180bb3b57fac260dc63e1b54a3bee11d5b1134a
MassSpecGymID0225805	KSERXGMCDHOLSS	C21H22Cl2N4O2	0ac3d5d1c59a855ec61bdca3838908ab850f9cb152053a9393d1c051fffa264d
MassSpecGymID0224754	CLRSLRWKONPSRQ	C38H47ClN4O4	0ad0c9c5c2fb9a91cdc9009a0dee123b334146708b9e048e0113fdba25deed99
MassSpecGymID0230693	GBLBJPZSROAGMF	C27H32FN9O2	0ad4ab61f8e64782db6319c597862e13437381e08740a52eee6d6c36813805fa
MassSpecGymID0116288	UZLBTLIRYSYTRG	C26H28N2O9	0ad4f1e495ed9b76bbac4d4037eb48a2931dd970d593381a2028aead8a97ad53
MassSpecGymID0191680	KJMIDUOUTLARSE	C34H41NO16	0ad5801ac0a160f104899914af731079dc6785567747bde87eb74370c22d4568
MassSpecGymID0272596	OZJXTWMDBPQRGI	C43H75NO16	0ae4b6735620b9c7eda64042dfff59ca6e5367c8e029bf0ecc319c0daffa5bff
MassSpecGymID0189087	ZRMFMDZIHZKFHY	C39H50O14	0ae4b855cba3196ab97aecdfb6d28829b8b964f02c60b24728fc08dd553dc7f2
MassSpecGymID0206788	BATVBXTYVPVEBL	C23H27N3O4S	0ae9c7638998dadcaea8f384ed3aa0eb7132a09589ae4f26d18c4a86c22f033f
MassSpecGymID0220132	WLAVZAAODLTUSW	C33H29F2N5O4S	0af70e12bf3ad08f0d51c889d5ffc2ebd5adc6610a60d5d45df8e8e16973d42c
MassSpecGymID0206353	YRLOZCSIOJRBKB	C22H26N4O2	0afbadd268709916daa1ad4e8080fa5a5f2b62285f2b0be705e85b0d5c0190e4
MassSpecGymID0000594	HWSQVPGTQUYLEQ	C23H25ClO6	0afd4d78e86ec4cc3f1353535694c892125743e5c1990d6455f6a5b1249f58d3
MassSpecGymID0249747	GRZMUUNUNHRNAD	C29H22N2O6	0afd6a8f1de065c6cf4347905b832020e16e917237e745948345be5102a9d448
MassSpecGymID0221739	DUDNZBPCJBAIFT	C20H22N4OS	0b00ab9f27f6c0d0458703dae9683a87edc7e755b721ea4c155b7f908ad85a3a
MassSpecGymID0227374	FKPLJWGRBCQLTL	C22H27NO5	0b05f5c85379154066e688f09534d56fd92abc6c8dfcbf67677619d9e75371fe
MassSpecGymID0396705	NPWAQSYSDCQSKY	C30H54O4	0b0a797e51efee0c7f60418c43a5dce34fa08fc9cddaff6750670e03b8df6fef
MassSpecGymID0204411	PEWDJIVDOBJZCY	C20H18F3N5O4S	0b0a9fb57294f779554082e9a1c84b7b515f9283ff052ef49febdcaef03585ed
MassSpecGymID0217107	SHRQJBFRQVTRAX	C19H18ClN5O	0b0dbb27cb98e8b236c04d3e64be1dbeb50ce9c2b81dc46e36505f1a6d7bae7c
MassSpecGymID0246630	IBSXCRQLMJKTBF	C34H31NO11S3	0b1d9e3d50294415177f5a36e7e2de6058ecfa04ffe16b3dfc8fa7e35281539a
MassSpecGymID0234631	YPPSMYLMSKHYAY	C34H28N4O2	0b254678417f874a68a33bde4120ae55f5a4995876aeadf517235eff7be4b24b
MassSpecGymID0203736	LLQJFGBIMAPDTJ	C22H22N2O6S2	0b25e0ff6dd28d3f7eabeb730e70236b33e7cd48956292113fbf3a1d5088fe47
MassSpecGymID0217058	UEKRAIRTUUNEFR	C19H17Cl2FN6O	0b32b74f6a4315b0154c364dc81a4bb2867965e67369cec53e4c7a7a8e017a18
MassSpecGymID0193196	FTBNYQWFSWKCKW	C32H36N2O5	0b34b2ed5d48b369c590e22905e7ff772c52be89985c0b06eaca9c9e6944dce5
MassSpecGymID0238869	KUJBDJBMXOTNIT	C27H32F2N8O	0b45ceecc052fee814224341d0ed92b56d061e5b25c0ffc6c0e2ecf8569a0f4c
MassSpecGymID0088201	OSUHJPCHFDQAIT	C19H17ClN2O4	0b46ec5a6842dbb2970f61a909593ed1a6deccbfdd0df15b56e5990e38e94aff
MassSpecGymID0212391	NSMRKGLEXFZFIO	C19H21N3OS	0b4fb1a1059fcd325c210075f1159a26a046b51c71a288f0acd65a484717e066
MassSpecGymID0237278	HZCWPKGYTCJSEB	C19H21N5O3	0b5541de62f330a8809bd68385c61323b26ad7a3b012c778c0785a665323ef2a
MassSpecGymID0231853	GOFXWTVKPWJNGD	C24H30ClN7O3S	0b5daea88e3d9c6a4dd180ed60d18628be1622232de925b12b159bec1b432f5d
MassSpecGymID0215672	JMSUDQYHPSNBSN	C22H21Cl2N3O5	0b5f85ac0eabb2b0d20f5ade45b8403d435834cc1a520e7bdba0f4fa4364a3f4
MassSpecGymID0232352	CYADPSMQNARVII	C14H14N4O3S	0b6f7c677288ed59cc2ef0c6076b63e82027bf249b91c45d0ee25707c9629321
MassSpecGymID0379100	JLRMLSBSAUWVEO	C26H28N4O4	0b7522db709bf23e330517580bfe08b1900980a44b2e5219c45f75c7e95c9fb8
MassSpecGymID0366410	UEXLXEOCAYUYCI	C44H42Cl2N2O6	0b7df0d325a2307e261fde5e5795e873bae8f5042d68e5de673cde2ba1613313
MassSpecGymID0219235	KYYKGSDLXXKQCR	C27H24FN7O3	0b89b053a5843d3cc102dd2b2a8937353a508b9f2a9c50a075fdd922a30a3657
MassSpecGymID0188256	MHCOGFNVFDFUND	C29H37NO3	0b8c534664efc69e63db683b60341573ce850f6e28f609c6c67735e43b0039c5
MassSpecGymID0205265	ZGTXXTZWJCUZSG	C17H25N5O4	0b91a606819b7b99e66989ea09be3b015dc21e9806dac60f7bb7a9207876a91d
MassSpecGymID0204443	OCFNCZBGPQYSFB	C19H20F3N3O3	0b9fb873ccf9822a1582fc66061cdd00b73ffb8108cca5931286ed7d62a89365
MassSpecGymID0181780	QWAXKHKRTORLEM	C38H50N6O5	0ba00890a1ece64f9086a957c88dad944d4e936fe30cbe082dd762bd2b67525a
MassSpecGymID0228300	UFICVEHDQUKCEA	C26H20FN5O2S2	0ba848e050dc8330c5306fdd82cf8dd5fdf2b169d1dde303a35c112bf2c6f823
MassSpecGymID0204384	SENIDMFOGMNMOE	C23H27N3O2S	0bab306811c6556a78267cfff2453944f854d3e6bd946b9f0212fdd0c7c21e71
MassSpecGymID0154311	AEUAVVIPDJTEFS	C38H56O23	0bb28ab0381ea151178a3dcf885350b4aff1cec6ed6a9b2a13c38bbd80a6f970
MassSpecGymID0398686	WLWAYPFRKDSFCL	C31H40O15	0bc21af356311d210627b3faadb37779fca80a45f50034a9be4f541ba86f635e
MassSpecGymID0236435	PAQUFWFUOVDUIO	C20H23N3O4S2	0bc3afe11f2f82a2a7319236dcc569cf52002d6ac23ca9d75c87b74b1c5101b2
MassSpecGymID0206402	HHFCUJIRJYOZNE	C13H14F3N3S	0be407a6f67742fa4e6f38040a5d18ed6d9eb4989c2b329584f0d98d49fa7ec9
MassSpecGymID0225530	QZFHIXARHDBPBY	C19H16F2N8O2	0bea1a27829ef6a01f293fdd2bdccbd4d8dd767d4bdbe063ecc7267ab9798ea6
MassSpecGymID0209813	CDXFLUPSGWSRKI	C18H29N3O3S	0bedaab853508c8dc2ce10b477deba1dd992cf4f3e2ecea7636705ed878eeb4b
MassSpecGymID0221883	XAFSFXYJOJWLJD	C21H23ClN4O	0bf45f1a8d2082a343a3d65b0bfa94f7ea38a5e39f5dbb586d101735e3fa99b4
MassSpecGymID0233888	YOHYSYJDKVYCJI	C21H18F3N5O	0c06979c4bae8cc04e0ec948dadc33d2f6265a3f183822cd04870fb854ab48c5
MassSpecGymID0205784	CVKUZAHWFYKSOE	C18H29N5O3S	0c1503213a23d5ccc692abc06b68367b5d07cf204c3f75ab67bb26160692a31c
MassSpecGymID0202473	AZSNMRSAGSSBNP	C48H74O14	0c160b94069bc64fed879a4fd0f66698c1510931fb64cfcf70ba369265d05b9c
MassSpecGymID0076665	SVKHAVSUBSUFBQ	C17H27NO4S	0c16a3838a8f16cc8791a3c8dcfd165d3187e5df0bb8c958a3753fe5772b25fa
MassSpecGymID0232212	RWNAOXLCVXJMGM	C29H31F3N6O2	0c3dec171fc413220a3fc29206b1d971f1cc0efd23f5f0e3b7646405327a8f9c
MassSpecGymID0222003	PDKDOPJQPKXNCT	C22H21Cl2N3O3	0c4889dd82f842eb14ce3eb22c61d7318691bba6a880384177b1c346095cf5e4
MassSpecGymID0211974	TZEFKDRNXZMXDR	C18H21ClN2O2S	0c53df9ac20b124c2242baff5a8c4acc04210100cfc27741b931711c34b4a4fa
MassSpecGymID0234106	WVJTXYIHBUISHX	C28H31N5O8	0c6468659d8a712173b3a725534a100dede0871420cb90a83677311a96a1efd8
MassSpecGymID0208371	SZQKNOWYJSSMDS	C16H19N5O2	0c6b016978691524ea48177c8b2a4043d949a3f7d098bae0eaa9cfad0bb2c358
MassSpecGymID0204905	QBNSLRXGOOQJFK	C19H18N4O4	0c7aace3d122f27ad3f85b1e78a4f516960db873228b17a367bdb250a38e24c4
MassSpecGymID0206383	HOTJGOTUQUQBRQ	C17H23N3O2	0c7c34284a39a32e11799f9e7cc7e09b427bbcbe4402dff041ade53fc75135cd
MassSpecGymID0215981	BZPSPRCKSLUNLL	C19H18F2N6O	0c91cf2ebd881d143a7915bc3e000b045a57e269455266036a4c5a40836536e1
MassSpecGymID0399254	BAKYVUHOODEWGV	C31H40O13	0c947b0259e4bc65850737ce2f9a23d73d4beb4b8400b5acb73b1c512bee704e
MassSpecGymID0204076	ZVLHPBFYEDFKIY	C21H20N4O5S	0ca893e5ebfc8c8e460fde1747148e57261dc8725468a64f92ce1636fafc1969
MassSpecGymID0197986	FHTSKUYELRWGGJ	C34H46O7	0cad69c4ab0ca07fdee34d76ee7fe3280498014a70c7998de626edd1ce552517
MassSpecGymID0162486	JGUYJMIAKPTIAH	C32H50O8	0cb028fc87179c2c0c1a99a54a0b3a912b117d8747d3d256fb2fbf6a7b68cc40
MassSpecGymID0204733	XZKDGTWGTSBDNN	C22H25N3O3	0cb31cfa204b1da59ce98a9ee292c63a7b9e4c44914b66bf0d7622c31099b2c6
MassSpecGymID0204329	IRVZTSMQCDONTP	C25H24N4O2S	0cd55a04d0c4102c7acbc448bb33543b4e09148c1efda40361cd334817d30e2b
MassSpecGymID0206064	JOOUTPRWPBQSKK	C23H27N3O3	0cd86ed16477b5082390e9a3a137162aa553f1d962c05865d6e7858de1da0737
MassSpecGymID0227761	GJMZWYLOARVASY	C24H24N6O2	0cdf07a366835296bb5f4c65598b8ac16c08dc895a5f63ff386ce7a33086e8d8
MassSpecGymID0383115	DNZFPUQJJQXSKX	C35H30N4O3	0cdfb2a64937f99a4d9a0c4aa29f9882cc752ee0e65642eaec7a87a43ecccc78
MassSpecGymID0234323	SOIZAFVNIXAZFQ	C25H20N2O3	0cea8140e88fcb67a8da111ea803f004e4eb69cefa70ac31c8393823577bc5cd
MassSpecGymID0210412	NUHZSLMEFKGPIH	C18H25N3O2S2	0cfbe73a008007901ee46a4759a4154c8f4d29c6686f1214c4f1648199833bf0
MassSpecGymID0230208	YWZIODCWLMCMMW	C23H25Cl2N3	0cfe70ccd7057032c558fd9624f7d8615b3ef5f492b8191fca15619b3a382db9
MassSpecGymID0001408	OFVHHCDOMZQVQV	C21H30O8	0d003f61537a68327f720373416d4127ef1d6b9d43bb7bfe18b19269c7109a50
MassSpecGymID0208874	YPYJDADWPXNJBB	C20H23N3O3S	0d0cb97dc182fa49916185ad381df73af9a96a7a11678e240fb587b642373335
MassSpecGymID0115255	HJRVLGWTJSLQIG	C41H70O13	0d0dbdda926bbdc6baae378fa9845619d9112d87f88d460251f91712af4ee228
MassSpecGymID0209548	PAMDZGORKBJJKQ	C22H20FN3O3S	0d1da1d624ce94d3cc9a2b6c3c8f16b96d4c19c62995fc5169f72d76e9e1f065
MassSpecGymID0308263	SBMXTMAIKRQSQE	C30H24O9	0d1f8f32f7f24f8e7b1cb2ee734f3dc9554f328b10639823de6602f0a7e385c4
MassSpecGymID0210694	VLMKFWSYRUZNGC	C13H14N6OS2	0d2a7b1bc314cdc0383395eb1ba3485fa5876df5ecca50bd32cd6acdfe3d6cbc
MassSpecGymID0234717	NFHSJYKXENYICE	C26H27FN4O5S	0d2e218a86686a73e402d9817b57af13d29b2658cca1a93a5a17fa1b42dc1808
MassSpecGymID0237893	LDEKQSIMHVQZJK	C21H29N6O5P	0d2f5905ed9ad10234f938213601263ca380018dbb9fb71fbb56d2a973dc2724
MassSpecGymID0236069	OLWRVVHPJFLNPW	C28H30N4O	0d39cdcf9f9c9f2270b030bd06a641a5cdfe2464bc2a2f81f60cf59587370435
MassSpecGymID0185755	PVAWVKQDYYTSIE	C28H51N3O7	0d4c2bbf9e1ebc8d0d999f46a16f5a893f454380484231d2595c99b5c95a3dba
MassSpecGymID0250274	ZJZNVYNQZANQOF	C27H21Cl3N4O2	0d50125fe58dc5c7564c79b98435c415d9bc186bd88c09f3769231c79af644d8
MassSpecGymID0214800	WVVOKTRHKOJAHU	C19H25N3O2	0d5766673b4f6ee72eceaead813ea581dc2d9431874cd3b9826730242a6446ce
MassSpecGymID0229932	BALLNEJQLSTPIO	C21H19N3O5	0d6c4dcf701304ba2fd222044220c31f6f0c1a02cdd8a39bcef99c5017c693b2
MassSpecGymID0046564	CXEGAUYXQAKHKJ	C49H75NO13	0d7cfced91b893c3bedd2617ec6e53c9c2753e42e8bd620a360d1d19ab3fe5c1
MassSpecGymID0388298	DXJGGEVMIZJZLN	C34H41N3O8S	0d81fd26726f64976487be042dca9148fba1bf46e3bccf3b477853673272fb30
MassSpecGymID0214645	KDMHOWORNWVONM	C17H22N2O5S	0d8353a3449c28f9ca4686c3321a338642353102f29e1f8978f8eb12d9bdf418
MassSpecGymID0399458	KUBONGDXTUOOLM	C22H27N3OS	0d8605f705eec0ab9cae5fc29902be9165c11f8e376389252db4869366eb471a
MassSpecGymID0227462	KXWWYFKVBFUVIZ	C27H30N4O3	0d891193fb46f60c8040a03eeb8356a6013f427c7248564fb0e2d4c6d9165f7b
MassSpecGymID0214770	HHJPKVIAWUTEHX	C15H28N2O3S	0d8ebd91144be110fe56893ecda00b74d749f3c1b67d72226565aac2f928b482
MassSpecGymID0221742	RGJOJUGRHPQXGF	C24H32N6O3	0d9009895829a8ac369541e15a2f951f747d59b0f88b3a9d93d9e34225b67f91
MassSpecGymID0213845	WBTYDHYAYZZTON	C20H27ClN4O4S	0d91c2d48e372c4aa6efb3a0546759e8b9f79fc7b489b0fa6884937dc9286cd2
MassSpecGymID0398129	PXWYOWVPPKWVSA	C38H53NO3	0d972d57948e53fe7e522ba2fb790784b51148d9b6c9b7e159aaee418f3da696
MassSpecGymID0206668	WQSXFPCEFKUQEH	C19H23N3O3S	0dadfa715e6c14b2661e4b44f35d8c3274d6e33724182afa139dec586f93c9ae
MassSpecGymID0046673	GUXHBMASAHGULD	C21H21ClN2O8	0db93cf5d2df0eb75ee00b873ee0fa8626d28877edb954299a51b961cd0e229a
MassSpecGymID0367350	PECAVQSFOYERFI	C38H46N4O9S	0dc3deb77be34951c4e8fb1acff0ac4d13edc0e1a8e336f399a3277cdc487c47
MassSpecGymID0210068	ICRQWLLPESJOOB	C16H16F3N3O3S	0dc500e9a29cef88e537cbcf0a394fc90b3f49e9fdfe3de69e2f7987c5d53f6e
MassSpecGymID0075310	APJLTUBHYCOZJI	C24H31N3O2	0dc7c85a6a85e8bff08d309a7bde3b233bb78c6042fab4e3dcf3eb3587a1a785
MassSpecGymID0079825	FTLQSQQQFMZPKO	C25H23FN2O2	0dd525375132da2dab59d4286320550b29187b3632798270ba43c535ab5881b9
MassSpecGymID0208983	VDQKXPSNVGKNBJ	C15H20F3N3OS	0de60b9b4c06be5a91af1b7ba8df2c654a9172259a91604fe8505eb4b62d36ef
MassSpecGymID0052935	FZTRDYSPWWJCOF	C8H6F13O4P	0df2d3c6a844421cf3a60b7b4b01a1e83c8a16af59f92bbf4ced89b71628ce22
MassSpecGymID0219353	KLRRGBHZCJLIEL	C30H27N5O	0df60e42d34389f24766aecacacef85f1ca15bb1e38573096f3de909041c08c9
MassSpecGymID0210951	VRQXNIWIURLDNB	C16H23N3O2S	0df6e533061f1e418016524463adde52f06cf7dc5695fba1147ccff496a6f96a
MassSpecGymID0382990	DHCSEHRBYOAURX	C29H28N2O4	0dfb3e559744411993536c996465e4dd7b3d11559c9a428480a2ad43f207ed25
MassSpecGymID0206016	YQIGEJHOYBUSLR	C24H21N7	0dff80c097d4c9f41396db4dca8bac30498bdd90826808b42af994dcca32d96a
MassSpecGymID0386340	UWOSPUSBILRKLD	C42H42N4O10S2	0e109225098d4023e71f9f74f58d39810279b31668ce55a40b22d2ccf04413b8
MassSpecGymID0147540	IPQVTOJGNYVQEO	C42H38O20	0e2664a2020256129c32e8f99e2057b84a087d835ec06098d3213c1fe1a65125
MassSpecGymID0229767	VBTUJTGLLREMNW	C24H20F2N6O3	0e2842f359de049bd2e0774a8ed6954e1cbeea382c8355892f45cdba84f32a79
MassSpecGymID0214081	XWXUWFQDVHJOKH	C19H23N5O3	0e2c5cc88dcd852fa07d57a5b6959c76106fe1afa4b6c5d499fd6b76d182cbfa
MassSpecGymID0246337	IWJMNCANMKFONX	C23H22N4O6	0e37b89266c9442358ed5d65b2973fa50daac6d4d0c246304852a92a2816c566
MassSpecGymID0088844	ZDKIAVFEUPUCMR	C22H19FN4O3	0e3f2a6489fa729abc717285c540bef661760783c1d5451e103c834906e847b1
MassSpecGymID0210580	VQQCUDNFOHANFA	C17H17N3O3S	0e40fec1f9e090207900764535d9473b5c7eaa43c39e970186c3462c41bc2b57
MassSpecGymID0228764	KXBDTLQSDKGAEB	C22H22FN5O3	0e4d91cc4bae336e38942ab582ddfc47b6dc37ee5df4a8f6e9bda324669121c5
MassSpecGymID0150717	MWLKXILGJPSPKZ	C34H46O19	0e50860372daf07848759043f4dfc810ef8aeadf25f0668c3043a1a72e9dc622
MassSpecGymID0396163	FMMUVGBTBZRVJU	C23H33N3O3	0e5db2286ad9815051b506f09409cb1743923b8fc5d4e2be237d959085175796
MassSpecGymID0353739	XQVKQEFQGYTUAR	C42H34O21	0e6b4e2ba4ce6979bb155ca8424b393a8fd4ed972e6a29cafe199d89f0cb0f7d
MassSpecGymID0189060	MXLZHQOOQIUQGO	C34H48O7	0e6badf7ce4d4379d2c16c2da4b58530ccdaa0185f6f2117cfd9463dd089be9b
MassSpecGymID0203657	YEFFYMICJWFTIL	C22H32N2O2	0e6cec3c104850cdd654bfb23c697381720edb75ecb4c617d0c3f4efca508c85
MassSpecGymID0181734	IKBKZGMPCYNSLU	C16H23N5O	0e6e02321840537ceb273c08106d3b2c9adc814df69b4ccbe405855d237ceda2
MassSpecGymID0222640	YGKNVAAMULVFNN	C34H38N2O4	0e7ddbb503cb4b9a89f7302fa30919540d428f363e9b8e5f7fec2af0aa9ecc59
MassSpecGymID0223756	QDWKGEFGLQMDAM	C31H33N5O2S	0e8cad0f266e66ae59e0a4ce3fe0b02c9e3b1385c62d6ec17d4ebd1ae915368c
MassSpecGymID0220326	XQFINGFCBFHOPE	C35H51N5O4	0e8e5f34f55e96b541d1cbc4667acf7546803f3805fd558b21e3e2355e9ec997
MassSpecGymID0233658	JXGIYKRRPGCLFV	C26H31N3O3	0e8f45589e81e9e0116da52d4e26cf0978ea7e6821dcda9a28af75272abccbf5
MassSpecGymID0398140	PAVWXODKPIGBQM	C30H34N2O17	0e9319da3d777fd12b9f0653fa3893c1ea50931ebb9b981c9340fa5a77a1b61a
MassSpecGymID0235402	MFXPJGJSKHZZGC	C21H16ClF3N4	0e9ca23fe9c81ba93ce62abf9037444bf436b0bde8c0ebf0925aebe3bfcfab9a
MassSpecGymID0190115	UHBMKIHOBUKYRH	C26H34O9	0ea497ace1b7f7a1932eaabee3ae54d279f67eb79b76e505f01c31981e5f0bb8
MassSpecGymID0204837	PONNJJHIKLFESH	C25H34N4O4S	0ebd6cdb610c2630a2c8755afdfcc45cc9793792de287cb87296e03622055e48
MassSpecGymID0250488	FFMUDKAAAYNVQQ	C38H28N2O4S	0ebffce312423d75fc2dde44c49e34d9e9760453b8b91b17bcc56295174e86ae
MassSpecGymID0207996	ADOGPUFGFUQERC	C22H23N3O4S	0ec51e7f9b3169bc54fd5ec898a80910afe007c63944449fa1fd02d8e4be704d
MassSpecGymID0227490	PUUBADHCONCMPA	C39H48N4O4	0ecb04cab09c734df47db8de8c69e7ea9847127681534383b2176b4e3efa7091
MassSpecGymID0071379	PCCSBWNGDMYFCW	C22H18N2O4	0ecb497bdc6648da9f6c9924d6d270a50867f2102389734562eb1b99f9e8632a
MassSpecGymID0202301	WOZSCQDILHKSGG	C20H32N5O8P	0ed1aaecdf83b49203796949b3e5d2a4c8df18be09c21705962716da3a191266
MassSpecGymID0231290	MZZJNOOADWVFPD	C30H29F3N6O3	0ed1e800c3b03c3fc471a0399e38b1e5bef754745d5b49bc92ddab6131a6771e
MassSpecGymID0092602	GXPHKUHSUJUWKP	C24H27NO5S	0ed6294df348714c0a5605b624335436fa64044beec3b60b53d9d8dab0bf9d02
MassSpecGymID0222472	LOLPPWBBNUVNQZ	C19H23N7O2	0ee0d5b5cb9c7d312b5dc1d71f19f473e09793a9dc7f9d0e6c3bb16fc3a6b626
MassSpecGymID0206487	BPRHNYWEZNJZGX	C18H16N6O	0eeca090bea12db0466bedc50210e943c60d2291760c0603a83deb440b93f204
MassSpecGymID0226550	VVLHQJDAUIPZFH	C26H22FN7O3	0eef4ee09a16899e83101bf95ee705a78c286ee72661e77e486b480593a15b84
MassSpecGymID0380615	RHYJRVWWDRGDRZ	C38H46N4O8S	0f009e0c36049bf394b0e39841a12785a095915d1b4dcb576dc66e177b40ca6e
MassSpecGymID0356694	KWRQPASKWCJCPI	C41H70O13	0f07d3f69bb578df36c672881ad2620e02cf7332c4a38f42c949f64a61557fff
MassSpecGymID0229899	LSYANGLAZUZYFX	C22H18F3N5O	0f2682f739099e5006a2fd8da41e14fb1fe7cce942aba7fa3b8e30556cfb7740
MassSpecGymID0215244	LESXOEOAJVCZPN	C23H23N3O4S	0f296cca608a2d6c6c52826fb2927bbe5f19f03856bac563827bc6833066a61b
MassSpecGymID0246420	FFRNRGCLQSQHGC	C24H19ClN2O4S	0f30375a51ab329645bbf348829be157cef6d04ca15534675c6506601226ee30
MassSpecGymID0193984	QTKJPFQTRUDUFR	C27H35ClN2O6	0f473b008803cf94f79f93ab02337c0664eb16a2f5f61dba41f71bdce20983cc
MassSpecGymID0204141	XBDBMKOPNQANJN	C24H25FN6O3	0f522cd6236f854d89239c6edeb1175f45264f8768488f9046b5e1e803bbadab
MassSpecGymID0231600	DDFLFKTXUWPNMV	C24H27N9O6	0f52a8f5a851d0ad81195a713bfbc6bad2b9c6a630b91b735042d8a6a97e3bb4
MassSpecGymID0237427	FDLYAMZZIXQODN	C24H23FN4O3	0f552726f112233997c681657f178908d7c23f184e796d55fc84966e74854ec7
MassSpecGymID0193777	IMIAGCONYJPMDY	C36H43NO17	0f59a34f6594388853ab73e559694196dce46eec6c1e8770b45679841007e71c
MassSpecGymID0202021	ANEBWFXPVPTEET	C35H38N4O6	0f5ca16fdd191f46dc7d24ed9f518439070cc9e4742bf6d558a49a02ab347467
MassSpecGymID0225691	DRCVQVIMGSWRLN	C21H14N4O3	0f63747a5b8bf06d0fbbd31b1b889adf270f6173187b978c3efdc51c508a2fcd
MassSpecGymID0178897	ZRBVUIRPSABEGI	C21H20N8O4	0f885e65dbe57aff86fb63fe1147c5d80d49f6717ea4a2cb552a3bff8ccf0373
MassSpecGymID0089795	MWYHLEQJTQJHSS	C16H22N4O3	0f8f82d9c7909b5ca77b2ff32fd48a41a419ee7237c9cd9765f3ccdcd69be3f3
MassSpecGymID0204630	HPJHEPAGWJSHLV	C15H21N3O4	0f92a1c0430f3af6d1741dd612b961bbec102cc1a3ab2c89670bfe4c600751ee
MassSpecGymID0211876	NFRKPKLAMJLZRA	C24H27N3O2	0f9b63b552e78b1afea71ab512e4b3f99a60fc405460b9979441c4a50dcb1b7a
MassSpecGymID0210494	ZFGXFGRNGAUUHI	C15H13N3O3S	0f9e6bd3abeec782b66abc6ba57b3f92d2e108ed6bcacca5c1625e155337d76a
MassSpecGymID0396513	MDAUFUALHVJQPD	C45H70O10	0fa97472f22baf64470cdf513e7bdcece76811715c485b4b543ae259aec998b7
MassSpecGymID0196034	LREHNMAHTSUHBC	C27H32ClNO8	0faa252571c9eb1e3bf907487cb09237401cbee83acd9cb6991eb0faba0bbf0a
MassSpecGymID0397385	YBBHWUGZXXCHNH	C31H42N4O6	0fac6bc1599637c8b196d2cd154f510be7dd2275ee1ae9768e5a0ce0e0995bc8
MassSpecGymID0232791	JYYLVUFNAHSSFE	C19H20F2N4O4	0fb07ef587751fb932408e480e3aee5197a4e98cd917f830de96c0a7b67f2788
MassSpecGymID0075812	RLLPVAHGXHCWKJ	C21H20Cl2O3	0fb0f52fff68da46494d0cb81854ec02dcac7e9ed626ff120ee08940a3c58cb2
MassSpecGymID0221027	NXZNYBUBXWWKCP	C26H31F3N4O4	0fb252abe9f10e47037512b2e5f93331be86bc85d4ea23bd836d4725de830211
MassSpecGymID0207346	GAYLZFLPWHXCEC	C17H17ClFNO2S	0fb6e857529fcb052f49fef20c84c1a8d7cbf69fb892107f14e5160de4e9ce2b
MassSpecGymID0206379	HANKXLMFFOPERW	C22H26N4O2S2	0fbf2e832ab393012671d58bcc26ed39913433cb7c3e5cd078c27666f004d715
MassSpecGymID0208890	YMRCSKYJFITUMF	C19H10ClF2N3OS	0fc17f1edca6f8ebaf202f5da9cd0827681c9d5a799f4cc0ea0b24cbc18acd45
MassSpecGymID0209493	BLMPITSOBCOFNW	C17H18N2O4S2	0fc6cbea803f9f97af73e88270c5ea7134071832f5c885c029189f709bf41912
MassSpecGymID0227300	NFEZZTICAUWDHU	C18H22F2N4O	0fcc1fd6be006e3bc969efd8270119c7bf38a4db2b88d1b06975479e7fddbd4c
MassSpecGymID0230612	ZOIBZSZLMJDVDQ	C32H37N5O3	0fd6c500e21d0d4b5713a0aaedc6e7eafa29d0d2046341c117e1c93a5f25b34d
MassSpecGymID0357173	KZLDMAIXPXOZCX	C37H48O21	0fd782e732816b2a8fccab1c2d23841affe582360cf0aa68789a029d9dfb71e6
MassSpecGymID0234590	RVYZAZTXLLAVGZ	C23H30N2O6	0fe69ee4610352353c965e2bc4ce8343d6f001a90c388f1889df70a61d098f2c
MassSpecGymID0096934	YPZRWBKMTBYPTK	C20H32N6O12S2	0fe8c92fa151d261716b72c0db674d2bb429129b7afff7891de8d2d9a3de7f32
MassSpecGymID0222671	JPFTZIJTXCHJNE	C30H29F4N5O2	0fed92aa3b6ad8b05ac809d55450a8365967ea011eaa9320494e3b4ed07f904b
MassSpecGymID0236278	OLQFKFSAJNUOPT	C32H36N4O3	0ff99061f76a5a5cc9667f92e7302ae618d76c188779c667e647c2df199de998
MassSpecGymID0186400	BRELKNNWUMEGDN	C19H25ClO6	0fff33e1c4ecb9f891a295595b62eeb40a44eeb1b802f6bdc22bbe0610751637
MassSpecGymID0355691	ZJRDCQWLAILQHR	C41H47NO17	0fff3d2c0e0f502b877de724e581e351a4b2cf033769dff9afb8a08127300415
MassSpecGymID0290271	KKJYIHSXTUGJLP	C46H50N4O8	10081e3706e0df82460e27b6fb9a4c87ab3394f8eb4d1451c29fef4baa54bec0
MassSpecGymID0180715	FDQAOULAVFHKBX	C25H22O10	100a31e13bd3d6daab5c119de6e6c253c542b8b1c2cec8172cbd87e0e73455e5
MassSpecGymID0208918	JBLNWWYTSKEHHU	C20H23F3N4O2S	101cad7ccfbfaee9c912cfbbcefe8bcf585e47c1e92e41927461c1b6a6c6272f
MassSpecGymID0245538	CVGAINFJTLYTKX	C21H25N3O8S	10218965dd79901706465c1f9193e6fdb476313e768bd463304c79b832700a2b
MassSpecGymID0248456	NADTWWWCPKHBGR	C14H13NO4S2	1023d9487a35a8d50525722a1b416f3b971b6d27a9c7af5a3e09901098ced00f
MassSpecGymID0000475	ZRTGPZGAMCJZNA	C52H70N2O11	1025abfcd803fdd5da78acf18d7c6ac5e16c3aae84e1f3bf48b4a4d308195a94
MassSpecGymID0209324	DAOFHSHVGMLUIZ	C18H22N6S2	102c224c84a53437145da80315d8050d6fa83aeeed4dc7c23414b5cddc8fd27a
MassSpecGymID0230371	DQXORJHBZHLLTE	C30H37N3O4S	1035404bdd65aeba20a95e72d8ed3a64c4317a383e8a3c9256a37e9f2bb7770c
MassSpecGymID0233990	QWDMZDSZMVJFFJ	C18H21FN4O3S	104d6a9ca1cb0eafd9d9f3e79505ccc278b7a5d0285c4c4c5fc8ec5926202b2d
MassSpecGymID0231427	FCAGATFCNDPZOG	C19H21N3O3S	104f392ee56cdaff45dd4d38beace8faf501dde332d7e61a0139c74cd80109bd
MassSpecGymID0148966	SEBFKMXJBCUCAI	C25H22O10	10605bae1923867e7de0eb114ae7d5e146925db599bd0537ad74081baddd375e
MassSpecGymID0226326	HRKNNHYKWGYTEN	C37H70N2O12	10768af6ff8afbff15eac9486c8bd81bd41e256db4b5eb249bbe22bc886cd0ab
MassSpecGymID0235296	MPMKMQHJHDHPBE	C25H25ClN2O4S	107d6d72c15612def9418fbd51aa71aa18e719adf0f832cc4f7b7c26ec35396e
MassSpecGymID0203875	LYRSWYUKKSYGHG	C21H23ClN4O2S	1086edba19ced3e44f9a47e538625c4db0001e37b6d5370f667fffc07d0ba4fc
MassSpecGymID0189660	SVPQGHIWELZQOE	C43H44N2O10	108d3ff70630e15aae5391ef792e7226e0be2dc605970522756cd9a559b9cf60
MassSpecGymID0305599	WVRDOLPMKOCJRJ	C23H20O11	1091a66952f67d582b8fb03968b5c6b8276c79cecafbabef02985a8e2d277164
MassSpecGymID0181172	XCGYUJZMCCFSRP	C14H21N3O3	1091ac00b2be4e6e97da272b38d36666cdaaaeede463785abee7d6ade159e949
MassSpecGymID0243734	HXNGFYZLCLPCNU	C29H30N4O2	10954032e9268f1f9ac1d0dd6933636d81242d126fa8cbec3d0c16517a468bfa
MassSpecGymID0236279	UXQDWARBDDDTKG	C16H28N2O2	10a2306c2e07eca240b2899e52801aa0d0c0603b0cdb60da4f1677d855317ef5
MassSpecGymID0214370	QHRTXGYTBWZWSI	C20H22FNO4	10ad3e545d7114e8e10a0e42c55e6584e738468289d83586ebebdfdcc46bd082
MassSpecGymID0210014	FFWRWMBRFPWFEG	C15H13ClN4OS	10bf0b3396211f7896c282f238d1d130a94478bea5f79d283a4647e198f4a9d8
MassSpecGymID0237440	DAIKHDNSXMZDCU	C28H35N3O7	10c2e8dae50bd85d2c8688f32035000dd83c9d6d9e98ac0e413931afb152112b
MassSpecGymID0207735	FDGZIXUHSHYXLL	C19H21FN4	10c56f9061508e9f5ac4002ecf50f61a52f6e89fbca08b769ef7f4fc846b7ede
MassSpecGymID0207235	CEECXINAAYAKSK	C17H21N5O3	10d08cff319ec74cc33830d244b18dcd90eac4ad2a1b23c38a1effc930de8270
MassSpecGymID0357923	QFIYSPKZWOALMZ	C41H47NO19	10d6f318c91d60ece2201a8f0f30cea4cc714bd9376358a40499c579b5572484
MassSpecGymID0193695	BRVXVMOWTHQKHC	C33H44O9	10df78826d908776975b9687ef4fc0ade78f691b0eeff7b33fe4c4c86cf03ce6
MassSpecGymID0210345	PAVGOLAQPWUAGA	C25H35NO4	10e33e9e1e2f4b0125aaf5747a6e5cd4df629a78db7a69a487d5d038f04fe159
MassSpecGymID0230466	BEMNJULZEQTDJY	C20H16N6O	10f1ef372c853cf460896f334193ebe0db83f0ecfeb0b045fd72d3764266e39f
MassSpecGymID0222454	SFLKJNSBBVSPFE	C34H36Cl2N8O4	1109c234d570799cbc92a2aaa93a5fcd5720e0d9930735598c907ed2c58aa716
MassSpecGymID0210129	TZPYVFIDQCCPFR	C18H17N3O6S	110e085261a80f88f22f90e0038d04cba0b723f38ae94d3f2106bc9616b90a94
MassSpecGymID0215434	KQDBVHKNIYROHU	C22H19N7O	111045237137e8e0771fe90ce59740ae8e44c208ec5fc903dc458fa4dca1ba32
MassSpecGymID0393981	XGWIJUOSCAQSSV	C17H21ClN2O2S	11143f9f62888dda2de1c40089e6a4750562db8fb5bf8444488e5bf28bb1dd61
MassSpecGymID0083312	YCOYDOIWSSHVCK	C20H15ClN4	1115effe820d8fef61edeaa1d6198cd0002f8a067217ce682e461c115670dc9f
MassSpecGymID0086705	GRBXNADBNJGZRK	C28H38O7	111d8606c6f228ac44bb82102cf24ed4c7695e79789f410b2b04a59d7ebf21ff
MassSpecGymID0220230	GISJHCLTIVIGLX	C20H15ClF2N2O2	1124c7baa1f0e1e6fc6db6b18f904290183d844df574771880355e9a27ac2fc6
MassSpecGymID0207974	NBHZXSBBFLWTGD	C20H18FN3O3S	1126e327a60a95ff5845a268865b7d667259ba7edb96d9e27862495b2a28b608
MassSpecGymID0228401	QLPHOXTXAKOFMU	C25H34N8O	11329429144b70c59ecadeda4874cb66ad8de86ea9392b3139873b7e8b9949a9
MassSpecGymID0168150	NNOMPFCNQCRAIO	C25H34O8	1136e1efa921f8df1d63915ff5d44612d9912e41268867a9f621be9f38bcc416
MassSpecGymID0208986	GWMSPQWWDBNDKL	C17H27N3O2S2	11444c06d15333ca067d3a1660506f9679dfd9533fa5a01bb6287d0cfc2fc4d2
MassSpecGymID0223202	YUTZYVTZDVZBJJ	C23H36N6O4	114a6ff4502d47cac071d246b2c2bba056a6ba2367091ecc2553e3098609dc1a
MassSpecGymID0232114	AWDJJMXJUOHGLC	C21H25N7O2S	114accc0744815be04aba96c9ee6126953ffc5bd83a12e0fb2f7f2841abe0a8c
MassSpecGymID0221518	IFOIINXSFCQLOV	C20H19N3O3	114e3e80609e5aa70d075ec37a48dbb2f0fe7ee123a9b75099e22b93ce557cbd
MassSpecGymID0154815	YDHSGSSEZHFAJJ	C35H50O20	115622e3bfb831ec7cf3119625c45b18a9f78a6308cdd448cab3e7891ca4853a
MassSpecGymID0223997	NCRPMBWORFWNGT	C20H23NO3S	115956f9dada5dde66a2e3f903a3cbbf8ab0c28a466f0afb56b4ae8a24f4069a
MassSpecGymID0384103	HPXCSOULTKVTSY	C35H42N4O7	115cbec20789a0d137086091bac769441223a7b9d79c2d80787d5f4507bde937
MassSpecGymID0071924	CWVRPJSBNHNJSI	C26H28O6	116bd2aeb8ac7f5ba1016195f8687cc99eda73320c29d6363f02bfbd2ef7f410
MassSpecGymID0220817	GZPJCJKUZPUFAL	C27H26F5N7O3	1186c790fca357a1d6ccecbca14a016dcecc1d2bf9511f82b5a3f3cedb950700
MassSpecGymID0187101	PBYPZVMETKFGQR	C40H74O13	11975abbcd597cff8bf8cd668f89c755d3625cd13dbcaf159b2f3fdb92cdc5ed
MassSpecGymID0210646	NCUYBIHBIFAOKJ	C23H25N5O3S	119aad1c3633b86ecbc35ee0cb8ade875fe1fbf01e191fecd51478448d7dd693
MassSpecGymID0209309	AINOADYFTSGHBU	C24H22N2O3	119bbfc794b609f3cf3532508720a9dc37b43cd960d8525c118ef689c4117118
MassSpecGymID0197819	GVVZGEKYZVYQLY	C37H60O10	119d35ecb6b93bfa489111426ff37b679b397158d0668f20a59faaaf2d035bcd
MassSpecGymID0223744	GACQNUHFDBEIQH	C24H26N6O3	11bbbbb990e561c5e9b69f9e218feea6bf3d3fc1327fc3f7c6ef3905ea9382a5
MassSpecGymID0225723	NJDRXTDGYFKORP	C23H20F2N2O4	11c183fd3de298f2ec56831356f5927233e069b8f4b405e69683e4813fa3b552
MassSpecGymID0209094	WCGLMKAQHVFYQQ	C21H24N2O5	11c761d3f4cafd44504ecfa9f46d762e54e4fb44208e68a462c2927a436a4d51
MassSpecGymID0231015	CYSJNTQNMDWAJV	C21H14F8N6O2	11d0fd3ebd7cec954d5395e7e2e779a755846a7a929efc0ec1d71c98a60b0477
MassSpecGymID0079321	KOKXXPKAPFSRCR	C18H18F2N4O3	11d56b6189e7723b7ec68af8d77e04360d015a8adbfefc66616ca6450772ca9c
MassSpecGymID0236050	YHGSTSNEOJUIRN	C23H22N6O4S	11d868b9b604f070b2cc213763d15394442bf262b6775df92f316fc36f804d05
MassSpecGymID0215197	SWWRURAYYBNSQC	C23H24FN3O2	11e297431f034e0c67a08f02f85d0d738ac8f880afe6eb1910a7a790bab9baf6
MassSpecGymID0069600	ZDYYWMSLMLTXDM	C16H9F26O4P	11e6ebb69065eb5cbe742b60f0721ef532caa374646a85e252784a626bf5f304
MassSpecGymID0164497	RTQZACYXEASSEF	C42H54O23	11f37962725bbd2e900497e238bbb9fa14e19e59493ab9f5b9d7382b065c4b01
MassSpecGymID0209591	OAAHMOVRZBGFOI	C18H25N3O6S2	11f5f8d4488d0b2bc3bddfe9d58f56a6db879ff71ec94e42c8d8becf28247904
MassSpecGymID0232273	WZPBZJONDBGPKJ	C13H17N5O8S2	11f8fb749f60529628c8948a3722532309836dc0424d00471425da5a6eebfbd9
MassSpecGymID0222234	MNYJJHBAEYKXEG	C21H20N4O	11feaba09775c263c074b074d663bec9cea437886b4d4c2cf33ce4ad4776784b
MassSpecGymID0227807	NUBWFWVVKLRSHS	C23H25FN2O3	12154a1896d7fca6de3d2dd209f237335f2403aa68837c91cb57dea413a48c70
MassSpecGymID0224182	SVOQIEJWJCQGDQ	C25H22N4O4	121774cdb739890e36d0f5d3eaa1ad72b2ef8958e4ceedc4b78bbb9763196a73
MassSpecGymID0199367	RGAWRDNXJUOZMG	C39H61N7O7	121e21ca325409bacaf02d3c1f187ac313b2d911757809fe4c07ba60158ea565
MassSpecGymID0207503	ZDJQHJJLKOSBFH	C14H19F3N4O	1221958b7e593e5a64dbbcdb99cbc2874b97c509b7484fbd933185ed148db1f7
MassSpecGymID0212101	HBZIYKZJMNSXEW	C17H16F3N5OS	1241a336db371dd72c35c5d1d80ff5689dac5ae6f9edcf2f6cb277ed710cf8a5
MassSpecGymID0215603	USXVVMGRBSKLRD	C23H20ClN3O3S2	1245b981a04bf96789c7c9d8e797c1a686add938b7482efa47dd37cb3a586717
MassSpecGymID0227154	NRSGWEVTVGZDFC	C18H13ClF2N6O	1261416b8efcf168bcc260fe827d7fb0f15e5a3c1d6f460c878a026dc5c4e6eb
MassSpecGymID0397635	YNMMSSYXBYTABV	C37H44N2O14	1264a768adb55c6f7057cdba22d3cf90731ebde50d8b3d5f225240244f4da950
MassSpecGymID0215157	WZZXFOHWTQFBJV	C20H21N3O4S	1274996b31976fa0de40894826179d28d703f61563175ff6efdba5c6bddf2fcc
MassSpecGymID0190570	LHYCMCBENMMKGY	C31H40O7	127dd39793fa6ec663e56aae3a2074f13dabc6e517ba7a21b9495e848fac1bf7
MassSpecGymID0002111	OWKLJRMFTXDULF	C28H36N4O4	1283e48760963f67215b76da730aa339bf006aa32afdf9bbdf95e1c89f45733b
MassSpecGymID0231392	LOGJQOUIVKBFGH	C19H21N3O3S	128d13dc5a0a96c645c14f50bae2ea1a826065689de08009f09b836dbb578c8d
MassSpecGymID0192399	IEQTVHJLWRGNIY	C33H42O10	12937d64a660fe96b85b0f17f7145680ce4301124c58e1191bbb5e992218126d
MassSpecGymID0203959	ZMVMKVLOYDKCTI	C26H36ClN7O	12a348d723ecfc23fa4aa4271171863550d4fd691953946f1ad34e2d9fa76f58
MassSpecGymID0216870	AJIWENHJCAXTFG	C21H24N6O	12ac308dd7fd291a52ee91869c2be319161eb62a4107522c274ac3bd0694c7f0
MassSpecGymID0228868	YTFHCXIPDIHOIA	C27H30N2O2	12b7ccc28e7647c2a2550511a206d654945977ab41e2db8059d0aeeec9793f2f
MassSpecGymID0213110	RIZHOCSVILARCM	C16H15Cl2NO3S	12be0bb626d2d70cb7b00081c9e6c7d8ad839838e189e94878182cd49c86d689
MassSpecGymID0346144	CZSBHMFVVLYIQQ	C38H54O19	12c2808efdb98a6bb8c89694863c6b9e6dbd884c5a3ec49b0426aec95c3c6509
MassSpecGymID0201951	LTXREWYXXSTFRX	C25H28N8O2	12ca0a4f1b44f3ce4cf7a2870d45f1baff2d6cbdf93faa4eb78e27e0dda9110a
MassSpecGymID0209541	YJUTXCZXRFLVQL	C14H13N3O3S3	12e73c475569ff145b7b93d7404a01973f85d98ae11b51abd9b39b3d5f72fb81
MassSpecGymID0211055	VSRSEEBAEOQGAW	C18H21N5	12e97134e1ab3b2974d680c3a8675cdf0e554e4acf366f176b76148aa47a045e
MassSpecGymID0082118	NJXZWIIMWNEOGJ	C30H32ClN3O8S	12ffc7d7189d5797ae1795f2e8e913ec70327653567816da77bfe1af2f8f2248
MassSpecGymID0211212	UKFKCUMNWXQOQS	C14H17ClN4O2	13063de1a1d6a8f28df7447031a5796852e56a1cbb3ac73d08afc28791637d87
MassSpecGymID0000787	MXLWQNCWIIZUQT	C29H26O10	130b5f3f47bdd1c3084b0d62d8ca178bf20d897c59933a6813eded0132880e5b
MassSpecGymID0203627	CWOLYEAWYFDDKD	C15H21N3O3S	13265e2c535ab402db86df61e113e009b06faa38e58ac9a305102d851c5221da
MassSpecGymID0204266	KVANGSRRXKJYSW	C16H18N4OS	1329e410a04c59fdbf71ca31d4d0635898aa9bc186b231f9f57425d43d07d5d3
MassSpecGymID0346087	FNIRVWPHRMMRQI	C41H70O13	132e9d8982d2b574d2ea24beffcadb94d04d4c2eed7edd1a0406319528facf7f
MassSpecGymID0191801	UKUDXSDOMXVGOK	C32H39NO15	13329fe18927ce57aa45e7677560846c2e9b2c64386edefbe0c6690d34cb620f
MassSpecGymID0230832	BRDWIEOJOWJCLU	C12H13N5O4	1332c15c87cf3b6203efaffab84e99ff7d0f7c5ebc3dcaa80f91a837deb945a8
MassSpecGymID0073161	LRNJHZNPJSPMGK	C15H14NO2PS	1335d5191438ce8f0561f513c0e37497f18583f889749e41dafb91eeded1e04a
MassSpecGymID0398059	DHEXLLNJDVHHIZ	C32H42O11	133c49d197c9ea99a4dd2146ff74d6131d8690765f824381dff3afa25c8ca4cf
MassSpecGymID0238742	QYKHWEFPFAGNEV	C23H25ClN8OS	133c8860982d0dcb80d7838aaa1ecb64d784a57027c5906c99c06f58b0d1be35
MassSpecGymID0220847	HAYBKCHPEBZNGW	C19H21N3O5S	134594ae8eb67e7a4750df27738b3c6bef0c916cad97c04c683b44265db8387e
MassSpecGymID0213968	OHQIYRVZBHBOAQ	C14H15ClN4O2	1349d9fae658b62c68618833c66f63da29642cd028817c0eabd5d27a9d5fb759
MassSpecGymID0206536	SXLABWWZJRNHSQ	C24H24N4O3S	134a6caa47f4584da911227e51904b2c54b883319745e107fb367b11bc5a3c6e
MassSpecGymID0216634	MAQUZRJCJTVXHO	C22H24ClFN6O	134bd6ee7256cb23fc21afe804980acf22310e55a5546bcd56e43eafdb8373d7
MassSpecGymID0227572	KXAAIORSMACJSI	C25H23F6N5O4S	1354dca756df15c22ada82f5ec6859620e40e2331d63f97cd16c2d154f0b9946
MassSpecGymID0086673	QFDPVUTXKUGISP	C30H22O10	135f7d627b1564dc7f501099a1ca4a1bad7a1a9b29fdee4739228ab9143f474c
MassSpecGymID0213086	ADUZOYYYNWLSTK	C23H25N7O3	13704f596758d804d8050fe0bdcc3bc19db255d34268d051bfcc6b0aeab1c160
MassSpecGymID0375741	VHMCLONZXOFDIQ	C37H34N4O3	137a598617be599f97612d2788d620c53836362c55c40543a8dbe9423324e569
MassSpecGymID0225443	YYBOLPLTQDKXPM	C20H16N2O2S	13894cf897b3ad82673eaa80982763e381f4750cf09eb73c3462b47b6df32c52
MassSpecGymID0202431	OGSBUKJUDHAQEA	C23H23N7O5	139af6009773abed0adacaf13792eaa561c7c4f9aa2c6d58b50b1f131cd098b5
MassSpecGymID0370517	KMPDNLYICWJCPY	C18H19N3O3	13a502df83e987578fa374814b22c3f54db17931233bd5dd626812c2d51d6713
MassSpecGymID0153857	XPLMUADTACCMDJ	C34H44O19	13b506d7cadda71e8a8903add085f0b0c149a5563c24dc762e7ee2d617dd2c62
MassSpecGymID0225419	JGWRKYUXBBNENE	C20H15ClF3N5	13b8946f7bd95666c07406f104544519303ea17c73e3d9468b96a6ddc36977c9
MassSpecGymID0191386	ZFKOTULZHLMUJE	C25H32O8	13c44c071299ab8a5e8b19c5733b981d3f8351d9977814fe5efe08c1ccdf0f7c
MassSpecGymID0222230	MEOWKUXNVNJAMY	C48H73ClN2O6	13cb27db2ddd5e8892dff6412afcb312223f3ed7feabd1aabfffa58b83cd008b
MassSpecGymID0001477	VSWWTKVILIZDGX	C30H18O12	13d1b27cb74ade87d8c4deec06ee1192dfc21bf2e37a5ac9589cb74b8ae9869f
MassSpecGymID0214353	HWGRHMFJDDVHNR	C21H28N4O2	13df706ed843d1d010bfc5e4150c430cde2b7e9f350f992ac882c36f0ced55ad
MassSpecGymID0149773	AAHDJEGSJGYRGS	C28H26N2O10	13e31cee61a24378696101fa50c011731ab7132d8ca0d3b7e466cf67593c5a95
MassSpecGymID0229557	LAROZEWEPNAWMD	C27H41N9O8	13e78c62c3ae50c6839dd977e4d4ef7e5b3f0f2b6f4bb6af88b2a2b1b47874f8
MassSpecGymID0224375	CDMGBJANTYXAIV	C21H16FN3OS	13fb84f26eec1ff4b4006a7fe41a63ba9d3b92b1b9ed2ffdb4a34d5ac558e682
MassSpecGymID0190126	WDGSJYYXVXQQHP	C28H36O10	13fce41cd67724b2e88ae3b415c986c9ffb6d93e797e75af3c6e5538107feafd
MassSpecGymID0206196	SBIFZNWYUGRUDF	C27H38N4OS	13fdf471965874ed1f16c27a1cf832a1767c380083c4aa54afde277d92c57877
MassSpecGymID0194152	ZPKOPBUGDKNHJM	C29H48O22	140615c72f1e19dd96a405b5c2b41244a2be5650ccaaf292779cac8da7abd433
MassSpecGymID0206936	OWQAYOKOQKBEGN	C15H22N6O2	140a4a6416e3cba5e0e56284311796e4eb3b0333f046344c1e5df2318e769d78
MassSpecGymID0224328	QJZQFVRFJCGDKF	C25H22F3NO3S	140fda0a48d5ca5cf651e551dff5afdb8d1333724ac79c9c63bcbc82d029f8ba
MassSpecGymID0248172	QDMKSFGLJQCAOX	C23H20ClN5O2	141ffe17c22d8ecf81c02f4529ac840a056a07fb65394a06253150542480115b
MassSpecGymID0375939	CXJYWHJEDMKNQV	C40H36N6O6S2	14268685870708eaa4a8517f589a367324dad03d49a6191eacbda41e61f7356c
MassSpecGymID0198094	NPYICXUUGUJPMM	C48H81N9O8	143917deb889986b3e3abc3cef425d5fe22efb65beba8a29e25c2a84d12b760d
MassSpecGymID0207894	BALQLFHMRMGAIZ	C17H23N5O4S2	143f24f81123947c7c47eb201c7c0762beae4052ae02bdab11fd344cb1d383d9
MassSpecGymID0228347	QKTRIGNWBRHBFV	C12H15N3O4	144232206d386b316d033aed6598f100761052ef73136ff92146c3048dceb680
MassSpecGymID0227121	WSNODXPBBALQOF	C25H34F2O5	144523753cfbe21e2f109f007edff29959de12c683e943b83f492754b2c8efdc
MassSpecGymID0211468	ZWZHLDMNSVZYFP	C11H12ClF3N4O2	146242ebcf710babce61b81b09618f3e6b002ea80ce5ff430abd84daa5daaeab
MassSpecGymID0229472	HHFOXYBNULCICF	C23H28N8O2	146490bcd3009d94568d2288086754779ac23e8a156e341c040a1270c0f0853f
MassSpecGymID0210161	PUHBOQQGBZOLLZ	C14H26N2O4S	14716e0658b3e0efe50dccbfa47cd151ff7818d0ac7a2e94c6eff3a028df6e90
MassSpecGymID0235839	COKUNRYWXTVUAH	C18H22F2N4O2	14774aacb91b3e4f7a684f65063320714329f71c68afb8709e0df9a70b2c9b53
MassSpecGymID0211984	SOENAMHZJTXLPC	C20H28N4O	14885bb6b3e4275d195da6dacbf4384c55767b9dfc571d33f970f8f11954f5e9
MassSpecGymID0345550	WYKQPGOKTKQHQG	C45H56O25	148ff93f048c345bf966201a31c86e742e2fca92a61fa83b0baa3387930c1007
MassSpecGymID0215192	BDVDXNYOCBUMNP	C15H13ClF2N4	149dcc5d9e78d8e420baed8f25b187354c9cbd619a61c898c103d1df74327f82
MassSpecGymID0218299	YQAPFFBNVVHJFS	C23H29N5O4	14b6990ecb863229052834899a80e35691637b76a2ac42e30c26c312366b33b4
MassSpecGymID0162501	AKFIXMYXISUTAF	C30H42O8	14b9c4ebed79cf16bed9222da14b7245e3210c678a4b0aa5d755219aed5a9716
MassSpecGymID0229908	UNRCMCRRFYFGFX	C19H20N4O2	14bef852e62f022303f9a2068beff7b44a2ae41a64dd4f676e54a9a4b457ae52
MassSpecGymID0229579	UQRCJCNVNUFYDX	C33H37F2N7O4	14c3577ee063ce2adefc95a9d034edb132f34cf73853acc2fda62b011d42bda1
MassSpecGymID0204424	RPSRDQXMWPAPPJ	C19H22N2O2S	14c62efd51aeea9c0419b35ff1f939ff40fdd9b0283ad11b9c4d5b02eae9f4c7
MassSpecGymID0246137	CIEKOAABKWQQES	C27H21Cl3N4O2	14ca4cf63de8c66fbb0c5986294e6a2eb061a02d0a68ece683ddf52bb5f0c68b
MassSpecGymID0211496	FIPJYCSLXSWRIM	C15H19N3O2S	14cffb036db7ada0619a2b8e58225f59b44cadfc28f5a774341f075fecef66fc
MassSpecGymID0229572	BBQRBOIMSKMFFO	C28H18N2O6	14d721a330728ed529f7e52b9eb3f8c635d2788cacc02fbafdbf4a8bbf5816db
MassSpecGymID0151719	ZQLIAKJHIRHCFA	C23H28ClNO5	14dde424976e0138b4acf4a7fdb7451d22edab1e88a9b51a1f27792b81c0ac08
MassSpecGymID0203347	MPZFKYARTKTCEC	C34H44O22	14dfed7ab4a11951555ae893da598cf2c729e6ecb94619990f25b8a6e585169c
MassSpecGymID0079207	YVIXXPCJZAUQHJ	C17H19F3N2O4S	14e332ffa402e011a871655ffc970b97dacd955de3c013094d52a5b91c634505
MassSpecGymID0376735	CHYCVUXYOXCKIA	C23H28O15S2	14e9ed328bb2c0c5872db19a4cb6c5098eafba3dc62c957c51bfe9b0d9c531b5
MassSpecGymID0225735	GEKDQXSPTHHANP	C22H17N3O	14eb79edf5971d691b2e6546d84cd4f66a800c825a9952683cbcc30a6a7faa8f
MassSpecGymID0385169	BPXIBBNVQKIXGG	C46H48N2O6	14ed689cc2f8caf5fd615dac81643c22b0c25ec258149d7c77a214532e129e8a
MassSpecGymID0220690	CMOYPFUEZDEQEH	C27H32F2N8	14ef4a893aeccb3a783eba056109f165506f908f88496983df4231cce25c9720
MassSpecGymID0226536	DWFGGOFPIISJIT	C18H18F3N3O	14fec970ba277b36ac26237e445a611a705ad186a8bb4acaee7d282fbb35c2ad
MassSpecGymID0231821	BFSMGDJOXZAERB	C23H20F3N5O2S2	15005234a8c1b20eed03dd59b87e9b0a529cfdaf2d21dc57304619eaf47b7476
MassSpecGymID0206144	JPPFAORTDZSMOS	C20H21N3O6S2	151718bc7de847f7dd6b13dbadb5053419b1709b86eedf26f21321a20ba3e6b3
MassSpecGymID0396737	NPOKZGIWNCWKKA	C24H28O11	151765d5c1c2809157c957b3ff75678a5304dd0df58fb7c9f7d690b392cb292c
MassSpecGymID0185102	QUZHZFAQJATMCA	C45H74O10	151b242f4998333f0a4704a0819ad5e39f7dc2d7612e4c02725046cdc2b9daab
MassSpecGymID0227900	RJPNRXFBYZVRIB	C18H10Cl2N4OS	151ef6803d31bbe71a8fc47b4572552109465ec284ad2652982e874fd9125093
MassSpecGymID0081833	YNVKAENVJKEMOU	C20H16FN5O	15243bd904f6153e070464735c600ce1c26a3f58b40e095bfd01e87f23eefd1e
MassSpecGymID0206917	DLJKHMOYXSNEGI	C18H17N5O	153d7fd65ba2ecd61ad15f64402a0d1e6e6ac3b7476bf198b2d257033d5f3c5b
MassSpecGymID0220814	QTOZBSNPDCWHPV	C29H32N4O5S2	153fb44f1219f471a8f1387211f1c9bc867889ba96e1f9612414481a9c61cdc4
MassSpecGymID0211738	QNWXJKQHLAOMLJ	C17H23N3O5S2	15583bd7b4c8b3035c3fafd170d33d5c5d321ace4226a2fac27d5989d061e11d
MassSpecGymID0226583	VQYYQSZNRVQLIS	C31H29FN4O5	15679d2ce3426ac3c904845e57484892d527cf44ea3c6e62e5d8c840e82f94db
MassSpecGymID0214184	DRIWADPDOJTMAM	C12H23N3O3S2	156fce66281081faf3d3c0c9b2f317dfe4ad51ab0b21da703ba428c29471310c
MassSpecGymID0079972	FYBFGAFWCBMEDG	C12H15N3O3	1576a7cd9737f463193e9bc852153127822191a6390c0f606add8c9a08aae7f0
MassSpecGymID0187306	WSRZQBTZCCBWOL	C20H15N3O8	157f37ace6f2bf7a7d4a23b02cdb70ac3726970a3791ba0544c8224ccf46e6a6
MassSpecGymID0205949	UYOBBROJWHWRPO	C21H17Cl2N3O2S	1581d133cc9ff660e75a66faaae67691a67cc263ab66742b18c7c38681f42d88
MassSpecGymID0250389	SGWAQZQVRJVNIZ	C25H18N4O3	15892fcbd015379c756b429669de2a5a403a099c31db79067bc4c5def9dbb8b8
MassSpecGymID0201927	ZKFQEACEUNWPMT	C33H34N4O6	1590c893aa604249d12c2b6ab54014203d6648175aef4c5c4eb5afb619da5318
MassSpecGymID0118324	BMLIIPOXVWESJG	C25H22O10	15998dea76d7e9895cc44ea8180c64dee571962a590748b41253cb9d73eaae09
MassSpecGymID0023855	CJBJHOAVZSMMDJ	C27H37N3O7S	15a0360a00defa7e1f2f1579fd7778869a5570885ccb98e5b27001349f4751b9
MassSpecGymID0204680	TUBMBDHHDVCASO	C15H22N4O3	15a268d6400bc009b492d7eaa58b6a5cc2917ee785336aec5eb06eb3b1cb206c
MassSpecGymID0190079	QIWWLKDHHMGRQL	C32H40O17	15b53c62227dc0784f79ffe9560a3821deac1b57a522bc577bbf56fc89804361
MassSpecGymID0249681	RIQJMJMBEBHBMT	C17H16N6O6S	15c358883b526e1a4a882d535b13a31710de071ac3163c0781a25de0f266ab4d
MassSpecGymID0163387	OTGHTIDLDTWPFJ	C26H34O9	15c8ad8b783c474daf65462b3166b06761df06f349f5a0a3e34e6bd5a00dd746
MassSpecGymID0234188	RMNPQEWLGQURNX	C27H27NO7	15cb2d1ffa490fb4c08bccd69f279f8a40b07f57e0e8309abbfc472ecd418170
MassSpecGymID0222431	RICZEKWVNZFTNZ	C36H61N5O7S	15de4ed174676b5f1e29cc93b5d1944a95f38c5799f42c50284b8031d0882be2
MassSpecGymID0227827	FJHHZXWJVIEFGJ	C19H16N6O4S	15ec54fcef0a948cc9df5c9e657c2e797fe6a6d99406c2df79d7c5e83af944b9
MassSpecGymID0229238	VERWOWGGCGHDQE	C28H36ClN5O3S	15fe1a441ba12cc8171b5e393d8443300f224f8d9bf6c8ed6f408a0b4164b048
MassSpecGymID0119210	VRNUZAWFZDQEGN	C26H30N2O10	161c3f3f1270e7ad216d047a917103d355028511abc297858ebb195e67a98848
MassSpecGymID0216139	HYPYGRQCMMEMON	C19H26N8S	1620edfceedc3db2335e5d832ecdeb60c95402c0a67fca8f5f74c0dee00e53f0
MassSpecGymID0210124	AGLOKSSTUVDSHQ	C22H25N5O2	1622d08669c36875383c494c4b8a2f12b30583f466f68e10343be09d6e7cbaa3
MassSpecGymID0224167	OJZSPKKXYGZDRQ	C21H19N5O4S	163b7998c18f1c480f8014c0c4bf8637c46da7973ee871eeef1e6fc77f7f736d
MassSpecGymID0208204	MWFIPTRQWFICCC	C23H27N3O5S	16420b38a78afd718cb76c2729dcab3a2c6447d3a3fb3d38f424c6b6d8887a21
MassSpecGymID0200555	KPYJUZGASBQBNI	C19H19NO8S	1643e7f7e4119a46a323b0176062965042615d24468ff3dbe4077e7416c67407
MassSpecGymID0227858	UBVZQGOVTLIHLH	C13H8N6	164668e995342171ef0ce1aebd5e17f7faf8f9d905ff41ca70b29ef170d16f42
MassSpecGymID0207753	SCILENGBPRNTGR	C21H15ClN4O3S	1651d6a712cbe11590adc65c97f74101392a516ab43b286c1157ccd188383d48
MassSpecGymID0179990	OFNBSFMFHMXOJD	C22H17N3OS	1653eb42ea1c57dafacb3b384143888b67138e9e866902e4b1c8eff4e87b7c51
MassSpecGymID0077844	FFTVPQUHLQBXQZ	C23H27N3O7	16542440ca807b86785992f3d9aaf489243feee069aaed9af794a49c885f8684
MassSpecGymID0229925	ISOCDPQFIXDIMS	C25H28N6O2	16564f9c54f3a9b5e1e6ac1cdefbaaedb164d74127734b0a6685d53cbc2ddad5
MassSpecGymID0185107	NSUHFZHIKMSXME	C45H72O10	165d63398b3009b0e389c4e59f248394291eda4226ab883808871906a8ca5665
MassSpecGymID0213400	RTAMYLUVQBORGH	C15H18N4O3	16651d2864765ed8ba5490be8be17b321e2a226d50cd69fd477ae146e830449d
MassSpecGymID0207340	RVDGVSHNZZEVRL	C22H24F3N5O2	166f976bc6e4d158bd2b59f4f8362b9a78d057ea876363ca64fd2672fa878627
MassSpecGymID0212063	LZKWNMIPHABPAZ	C27H27N5O3	1671a0992db0a7a21baf7bd9c725d8f9caaea367130fe792a4050c0c5dad6571
MassSpecGymID0226124	GXKRPLQWYWDFQN	C39H46N4O3	167369d20c6ff3a440e89750c3c596585a9ba6e65e62e7a6f61e91b35bb17ebe
MassSpecGymID0228209	LLDXOPKUNJTIRF	C23H23ClN2O3	1685d8dc02d62df640114d55e272492897aa016d83840f57c497e05dc9f46b81
MassSpecGymID0225275	ZMQSLMZOWVGBSM	C19H25N5OS2	16883921a880d77e802598235888011efc66a85a62fe72d1f8b5a238fd2bc7b4
MassSpecGymID0198023	KYIPVUWVVGXMKA	C34H48O8	168b9080b1b2b4a695abae4b62b79aa70bcc0e1cef908a2d8e1641ef155e3aaf
MassSpecGymID0222338	VSOUDUXMPUHJEU	C23H21N5O3S	1696e83e560792de66b8d5b3df7cd6fc6379c748f30edfc23f91d58c15bfe47e
MassSpecGymID0160902	MFQDKOXWQXOOAO	C45H86O8	16a42032e57bf8d6f2ddb5cd6290f0c6a87dc073974f36e27fea38226e997dda
MassSpecGymID0215528	NPBOEBYKTZRFHL	C17H26N2O5S	16c30d6325f3f781673881db18bcddbba1aea2586d9b370afe7387ac780fd568
MassSpecGymID0227772	HYBAKUMPISVZQP	C31H30FN5O4	16db636d6cf992e0a42f30bf7b94fc3b6e04564ffe71110dd06ca60c9855c0af
MassSpecGymID0402400	VCDMHIARBYKHSB	C42H42N4O2	16dd9b392e39cec758955daf0e0e46e157649b69c02d76cd9d5bf034637a79f0
MassSpecGymID0223263	YGUFCDOEKKVKJK	C16H19Cl2N5	16e24423b54b4f1e06ca48215abe39e62a2e61c744324f600a2be294b78a97cf
MassSpecGymID0185090	VOJZQYLSWQMIAF	C50H68N8O13	16f76ae19561ce9359b273f9555aef65f9ecada1fbeeecbcc4354a8eb15213d8
MassSpecGymID0226454	DXCUKNQANPLTEJ	C28H41N7O3	16fcf2a4685a92c00b7775683ae04410cff49db26cbf983b66f595cfacd8a78b
MassSpecGymID0189128	KYOXKUIYXAIFBB	C37H48O12	17018d4e1baca70b4bd029b3ca6a65d89b729068e5f205455c84c2bfbf3d9d28
MassSpecGymID0218163	YUMJMVTVLIGWLJ	C25H23N3O	171181ff72fa0165691f9d1032c1e698738bc4bff5ccc626d53c99b1c8a01239
MassSpecGymID0207523	YGWUEIKJBWTKOE	C21H16F2N4O	171dac50990b25032e5a6194d4793706ce57dcee26b5310c2a964921e3c0d023
MassSpecGymID0231490	HDXDQPRPFRKGKZ	C23H18FN5O2	17253fb6c1536780f58dd63e0499ea53aaa4e1ad9d093cc665b0f03fed8db0fe
MassSpecGymID0209062	KYZCMBWWSGDKNY	C20H16N2O3	1725b22c47c89c1db62b8358c3416260a999201cbcb2607314db4addf339244d
MassSpecGymID0206896	LOLOMNWJVUMOSO	C16H21N5O2	1725f9bb2362897e51b7ccbcd9ee63b726baf6eb67d0945e11fb46a3dca202ca
MassSpecGymID0202710	WJEOLQLKVOPQFV	C28H30N6OS	173ac2684662b27b028788873ab9fe9f1cdcd8acda87fcacddd5089f4a38205e
MassSpecGymID0205678	OSDVZXPMFCLPHK	C18H16N2O5	17401e4fe9ea777171a77332e84f928e7e718616df5369707471c90af243f754
MassSpecGymID0188874	RAGFPHFDFVNLCG	C24H33N3O7	1747c350b63c3098569d336d136d3f08e65e057b4327b1e27ee3f8a3ca40ed53
MassSpecGymID0208565	FTLIIDKRAZGZFS	C18H23N3O2	17571485430e9062c3f10534fecf4eb1c3fff1f1af9e2e19dc299baf696017fd
MassSpecGymID0226379	ZZWJKLGCDHYVMB	C32H32F2N4O6	1760b24d5562ffce2322aa793e1fe4e88c8b2df2e78b52a8a5b183b9fec9d612
MassSpecGymID0192531	PHSKBYXSIKEPBQ	C27H35ClN4O6	1762cc73e2457ca1d8e4445329bee4e732ce6834e27d38e0bc05815d9f9fe95e
MassSpecGymID0373010	UTGUKTQOTCXQJK	C25H42N6O9S	1767c5aa76b539bcbfdb75269fe0b585c890ab321a51f24f0cee3c28d750201b
MassSpecGymID0233334	HCWMMJROAJNTCM	C24H24N4S	176e9ddab70c0abf3bb91000cd37ac37286488f240bf6e128ce6a7eea885b1cf
MassSpecGymID0197998	KCOULPRVOZDQEL	C25H26O10	1778345791724c5bc63c9e627b3789bfc5fa994aebe02b826dbc622c26768f45
MassSpecGymID0222758	QEBYISWYMFIXOZ	C20H12F5N3O4	177d29f1835533df13bff454b9bbebcf28a64f6f545e03fc37eb54cccbc1f16c
MassSpecGymID0237863	GXTJETQFYHZHNB	C24H29ClN6O3	177f1a4e03ebce8c4f232d7a3f289e2ceca8d92158c6c5beda7db0d01560fb5c
MassSpecGymID0215779	AWASFDWDSZUCGT	C13H17ClN4OS	17868e9a41283cb039acb386582c7e4d6288cda93a233e0a69851081d361f354
MassSpecGymID0234011	YNFDIGJKJPNFFD	C23H25N3O3	179ab5c33341023f5ef2ed7e62c232c52436d30279aaa53931a6a3bcb444569f
MassSpecGymID0081021	YILJWHUIUCRKEU	C24H23N7	17a9f6660ab3b78de3b44353a283c4507b7e8f08bb2ecbe3248c78aa094afb82
MassSpecGymID0371969	FGTZNLNLDSXGLN	C32H32ClN3O10	17b48262d2d69e4a5b0103eecac74f2f81bcdf05069a3457835473003db3f108
MassSpecGymID0248336	IVQFDCJBKFYWNV	C12H10N6O5	17c36a7c62833b0d4c2d436d70630d6590b9f434a0eedbac0f28c3280e8bb31b
MassSpecGymID0214719	RWEFQCTWRJNPCK	C24H26N4O4	17e23a1726c5c2a9d04ac608c601c17bdc04cdc0031421c90f64476f23a690ab
MassSpecGymID0237543	KKHCZENFFDIZHM	C20H21F3N8O	17e6143f12b5ea38319d670116a893622a4354084c8a44afd0b247248149f619
MassSpecGymID0212114	OFUKFUXODQFJDK	C21H30N6O2	180c463637296a0ebaf743686b55fdefe0427ccf0a3f472aa031336361e269f1
MassSpecGymID0221217	TYTGOXSAAQWLPJ	C19H24ClN5O3S	1815f1f3ccb7d319192ad4ec054c31fcdfb68555bd5e3288bbc468b7e69ece78
MassSpecGymID0204787	FEAFOKYFRFVAFA	C21H17F3N4O2S	18178e5f9c6f52e12fe22a62f352be0e2070f9d1076016d22780798a31a04dbc
MassSpecGymID0235862	KORNTPPJEAJQIU	C26H37N5O2	182659ab8de02172956609a5984853dfb204247f0613ad2633d939ec996e78c3
MassSpecGymID0211334	PXRNJGOMFAMGHT	C22H21N3O3S	1828e4780897ab805dfe38cecf48bbd88d2fa81bb6c627431773b308d4289ba8
MassSpecGymID0213709	SIJPDJRBUPYIHN	C26H30N4O4	1834eca5b21b71bc39b5c7a2fc31184c22b47df40da3f43394d8c5914899513a
MassSpecGymID0230602	NGYNBSHYFOFVLS	C19H21ClFN3O4S	18366c6dd55d7d2d15d84a3f6b8c208d7c15f7125201f0cfbe2ddb0957490c6a
MassSpecGymID0236132	WABTUXPZUNQNCC	C26H37N5O8	18369930fe1eebf623b4af649cab6205c274b7c198e4c577270f7b0cac3c0b07
MassSpecGymID0227968	VDJHFHXMUKFKET	C25H34O6	183dde643fd7cd280710df071e1e656e019a90ac32acf4a24167390a19790b38
MassSpecGymID0343253	ZYCAGKYWXRKLSN	C27H36O7	18483b931e74e845afdb419476b2e20d8c18803ca34146106a965f6f252858e3
MassSpecGymID0211489	FSEOPJIGTIEFRA	C16H21N3O3S2	184b981573a54597d662e79c96aa3c5c400ac89aa8ab1110923a84a9a40aa873
MassSpecGymID0162224	DJWYOLJPSHDSAL	C22H42N4O8S2	184de3d05579c0f94835b3b0b7a39b915b00ded5a4ad51f88031ca9c8e42b29a
MassSpecGymID0398278	OPWCHZIQXUKNMP	C26H25N3O7	1854bdaed8b8a25526bd574a8a303ecd571de55da6c611c644db9d0e127d11d8
MassSpecGymID0225773	JGPXDNKSIXAZEQ	C20H19F2N5O2	1859d4a276dabd6e15d5c40229a213d45ea6ab97c22500f104c54502fb273122
MassSpecGymID0203633	UBYKKSNRJIVBEI	C16H24N2O4S	1876d02d22bf0f8302ec384ab80a6036c92155b51e4d101cebc7e05f3098e1ec
MassSpecGymID0215296	UOTAKPNQGXSUSO	C22H20N2OS	18876416083aec519c40b6b1dff88e349eaf54dd863ffa5242dfd9cb96e9ddc2
MassSpecGymID0230786	NXQKSXLFSAEQCZ	C30H30F2N6O3	1891a4f2aa4fb90c3040ef8217b8c79e1478e1f87f75e18ed6c4fe356d545876
MassSpecGymID0210818	AJKWSWVFTGXVBD	C19H26N4O4	18925b0901613eeafd51d70b4f29642d78c96eae7c23e98f5692848541965499
MassSpecGymID0131605	OQAFURZDHYCZMF	C12H19NO7S	18a1035de803082c616da0d5be4b7f7d39e55048404bc015eac31af0537fa424
MassSpecGymID0189672	SLMISZLSXLAAKK	C28H36N2O9	18a79f989b0b5b85119a4b84d3821df23b0b302cbe5876c2a1928f1d2af91f42
MassSpecGymID0234864	KFSKTWYDIHJITF	C22H23ClFN5O	18a92bf6e54f6ae9f898768408b8ede74c1b7616b8e61b01754853e30ab4575d
MassSpecGymID0204192	SOOOWWAEINJSLJ	C25H28N2O6S	18b74b7d7e4a125450b2601a4ab2b58555ecb430bb7f61a87d46ed0cb23ebbb5
MassSpecGymID0222525	BAORCAMWLWRZQG	C22H21N3O5	18c0446d2c80f3fd0c18efaa8f1853a2a017b811563a73b0c6f67a35284080c5
MassSpecGymID0212632	JRQZSORTKKNEKB	C27H41N5O4	18c1700f71ef7d2c6f82c3bb7e6dff244e7f58229c31e8e8412c850005f494b1
MassSpecGymID0203586	SWJBHFDLMKOOQE	C20H24N4O3S	18c9e35eddf5072d05a9c0e849bb00a222637b9795bfe5629bb74b156fdc054a
MassSpecGymID0397614	MDWPTHONDMTCBU	C27H33N3O6	18ca9f10b780452cdedf64160066034d955b36131986ea88e23cd7f97375f433
MassSpecGymID0215215	AIFQGBJZIGNMCC	C17H17N3OS	18cf0021d0f631c0bcf39df996b83b7b82308e896346752dcf769bdd657ce8c3
MassSpecGymID0189206	XWJQTVCPYQVRPY	C31H32N2O7	18cf3e63452e0d6a56e49a55229ec73598997ae2005e5313521818e972f6a162
MassSpecGymID0206713	PPKCJEKHDCLMKO	C21H20N4O2S	18d67eaef12c88bdd9d5bfb60e9c73a949e4d91062870e2045d317f73aff2877
MassSpecGymID0245595	PDIOUUAXUGLNSO	C18H21N3O4	18e8e0f1209ddba356f2c0f2584401dd3c4eec72b5de7f0d95c34d92f47e51b6
MassSpecGymID0205222	ISJJEQGKYKEBIA	C23H29ClN4O3	18f0d4c4cb84f82c65958731d6a452446662c2a190d35c9799131bfdb2174725
MassSpecGymID0223639	KEDQCFRVSHYKLR	C26H36N2O5	18ff477f28d5917334b9972423a860da27ffb786e4ff88b9211a258cdf9c79d9
MassSpecGymID0148225	HPSILLNWMJOWNM	C41H52O17	19062ac68eabb0d9ba043920ddbe26dffee5cd59e19d975be32a181fc2462287
MassSpecGymID0230771	TVGAHWWPABTBCX	C23H25N7O2	190b00f71058e2e418d2711053c9abaa9f46797065378e51d9fee59c58c86d2a
MassSpecGymID0235819	QVZCXCJXTMIDME	C31H44N2O10	190e4540bf422d4c0bf62e84e15fd661744759d65aff99dd32dfa807bb89567e
MassSpecGymID0249874	UKWNPFYGPAHXOP	C39H30N2O6	1913589da1582b8761b271ed0a4331f58bbccaa1d9547cb93b9e903bc5c7e07c
MassSpecGymID0221460	STPSLAZMEWZDAJ	C27H26ClN3O7S2	191381274cfb4502633ecb324da67100ef8a4eea84685bb7ab4f8a89a909479c
MassSpecGymID0204877	MIENDESJFFOVSM	C25H28N2O4S	1918e3a682ec30db866c54f9c93181fa5ed9d21f83bf4287ac07590c996663f1
MassSpecGymID0376597	YMUPMGXXRIJHKA	C29H28N2O7	1921f0a9a0f8980b66fc7104a89ae1cb5272b2c377242be451d854b04fd79274
MassSpecGymID0211515	PMXMFELSKPYMBT	C18H24N4O4S	192409f61da6d03ecfa5afe1fe11aa876e3d0d0553e693871c182ec3207745b9
MassSpecGymID0193179	QMSHPPRVWMLFFL	C40H62O15	1926e63f18f9f48e9e7f352dced413c93a457aed25783f382f8bcf2da4a4e9dc
MassSpecGymID0229517	ATGQONNRRWKPGJ	C19H23N3O3	192d5993688758f4fe3997db7086fbb42c1a74b32ce6f786cf9c2dfe598aac8f
MassSpecGymID0080646	TVVXHFWWAYXBNC	C14H15N5O3S	192fb4ea5a842661a65539bb40d46430851ffc87452c9dd7a26ce63511043d33
MassSpecGymID0179755	XDAOLTSRNUSPPH	C25H25F3N4O6	19303705bb31b2b99031d1885af92560497c6bed272aac53fa345c997d0066dc
MassSpecGymID0220199	CQKBSRPVZZLCJE	C23H17Cl2N5O4	1934d3fbeb4b0e84d78f79ac4923f7047b7709b5c91b802e6325e6fd622b1c75
MassSpecGymID0091773	AWXQYTLSBPWDMJ	C36H40ClF2N5O3S	1943ddef6afdeb20f99823e39087e5f48d0169e573e46dd673f0453b42dea56e
MassSpecGymID0182990	PQKBPHSEKWERTG	C18H16ClNO5	19478363e16cf13af579d6350bf308458780c1177e0e82ef0ac46a8578e08119
MassSpecGymID0225611	GOOYSJIWTIHOGW	C20H24N6O3	19522a3ead503d21e877c51a897c384282e096fabc3be81370c395378bd82853
MassSpecGymID0210736	BURFVHLJIGXODD	C13H7F3N6S2	195b3b1a339b11a240453d9dc584d9af5f086ca03fd104e9d94bfd1bcc4b7b74
MassSpecGymID0078305	CQVYQYUSHAXATN	C27H30ClFN6O7S	1966106976e2793454cc4d62f9225cffdd559069554553b289c5a71e97a7ec86
MassSpecGymID0205488	RIAWGGCJKPUTEX	C14H14F3N5O	19681f120465fb335bcd98fadee16db82f188ee223d192e162a328b2a8734292
MassSpecGymID0204592	OXCKGFOSGDWSMV	C25H32N4O3	196b9a128fad2f73f54e61a256a253b2160c029eff6d14122ff3717d282551ef
MassSpecGymID0203793	LDKHRGLGCZVRAX	C21H29N7	19723c7e44141dae562eaa116dc7a4d7db2379aedb14acc80d66dd5395a4f6fe
MassSpecGymID0160744	QIOMMMCQFIBVKA	C32H54O13	198139c084efd140f28a926485829077e96ef3d1824136bcb498147d7a2b3166
MassSpecGymID0214039	QTMAWTCQLVAXMH	C23H18FN3O2S	198530e8108cc446c2ea84717df7ff18e91bbea82162042a2d5fa0dda23fcbaa
MassSpecGymID0222186	NEYKRKVLEWKOBI	C23H32N6O5S	19aac5e06c6ca0070db87c579aa9640c803419f1f3151902ecb3011413eedf55
MassSpecGymID0226140	RSAQARAFWMUYLL	C24H26N4O	19b0ade9c13543462d8d3e5a45d277e9af9f1c3a3a58061fbdf2dd86b730dfde
MassSpecGymID0185085	KXSGCAPYMUMVSH	C48H66N8O13	19bc6e855996cb3af88adc5ac5b2dfd156a9427c572e10845fe57aa66de10205
MassSpecGymID0219869	CPMDPSXJELVGJG	C31H33N5O4	19ce7a7df833d12119c3071d802d609a934a9aadaeb833816324870865394419
MassSpecGymID0215599	KXQCJZMINVEAEU	C21H24FN3O5S	19df0c09525a989f2336c24c352e2402fa5c8ea4248b463aa570ecbd47c12553
MassSpecGymID0235113	UCJGJABZCDBEDK	C30H34N2O3	19df2ed820d6e002ff6745c56c7da97dfd7f8cf17a22a5e224ba5c6d52a25ffe
MassSpecGymID0225844	HUFOZJXAKZVRNJ	C27H28F3N7O3	19e39cef3f5dd71b0a4f82a6bfe76e1eba08ea11ad968f2e0c6822f0c2b0d27f
MassSpecGymID0204055	DIJBCARHXBFGSN	C20H28N4O3	19e3f28c9c5fd761a141394c87b8ab17b46b810fc561a25c8b34058ad312f219
MassSpecGymID0228109	ZXWHESBABUHJBE	C25H31N5O4	19e5af363236ad302584547475bed6a41f824b836712a3b5eccaed336171313c
MassSpecGymID0225766	JEEJMSUHUZNTCD	C16H12FN5O	1a0b3e232ecc5ed23088715ae96714d31f29da642153ce49b621dab76227d20e
MassSpecGymID0181710	VCKUSRYTPJJLNI	C19H25N5O4	1a14fb3b5e85a70bba5512ab51547ead6ef4c7912d9d2e33286d0601a1ed1ea4
MassSpecGymID0072572	HRGWILAIPXJBIB	C45H59N7O10	1a1f4a9feb3c83a520bb2be13e250db88ec6fb236c2ee92bf2591d072e482768
MassSpecGymID0212284	SWHIVSUFNKSRKF	C14H14F3N3O2	1a34246bbb27dc82fd759887167f95d163d9e7684764da798d5973a688d5ae77
MassSpecGymID0237882	RZAMDGBOOPJHJQ	C22H19ClN2O4S	1a38a4c5475abc118f8610cdbd4def2b3ac3071daaf9752bc70a52ba960f6321
MassSpecGymID0205805	QFBRLXGRJZLCEF	C18H14N4O3	1a463126802f49bc30337a96eed1bfac3c3491659cc6d18e1ce03ea5d4f0a4e1
MassSpecGymID0221581	BJCJYEYYYGBROF	C29H29F3N8O	1a470abb329333a1ec115f66d93f9c8b971f229da36f370fd979ef25dc366a1e
MassSpecGymID0212665	CFWAAIZGVGUQQI	C21H36N2O3	1a5cd277e2ab1e0783c0a2484135c6b94f8525245647e0162ad519fbb0e4892b
MassSpecGymID0224389	WXXSNCNJFUAIDG	C20H19FN8O2	1a5e0b1dc300049dcedde77b58ed7935e2962a0a62ef0984b39bbc2762c171ad
MassSpecGymID0220079	NDEBZCZEAVMSQF	C25H29FN4O5	1a719da8125a501bb9438456b49c83658b9bcf4d2502e92c4c907aad7aa6c7f3
MassSpecGymID0202067	XVGOZDAJGBALKS	C23H30FN3	1a77c247456651c39ae0dc3d215a5ad5b096ba0937cb91ff45590d92bd13a205
MassSpecGymID0234794	QZZUEBNBZAPZLX	C24H28N2O3	1a7b9a1e23268e72170a6f0205c5946d622e5279d1af372971132de07d7260a7
MassSpecGymID0187985	DYNPEHYVIZVLIF	C30H41N7O7	1a7f6cdea15189fc56a0836c1549e98670c3a81ca9959bb2c71a1d78c2806b5c
MassSpecGymID0222052	SZMJVTADHFNAIS	C22H19FN4O2	1a820584f6f19e3d660b62702a73f35df4fafb6d47a080c3246e66e5aa2e18ad
MassSpecGymID0214888	IQGZOUDZZCSPEM	C18H18ClN3O2	1a8353eabf52f047122941ececed3ccddc4a03dcd2a4c841d511db9f65f4e1e4
MassSpecGymID0226221	GZSNGNPLURZQGM	C28H35FN4O	1a8ebd57e3d96e92c0d36a726eb003c25e0bfbc66c0e204eb70214c686a50634
MassSpecGymID0376696	HRHHAUYCXBULEA	C32H37N3O6S	1a9dbd748efe6175111e2622b2e5e1afd289c5a448ebdbc615c292a20437af1a
MassSpecGymID0203386	IFFDZLRWLNUFOX	C38H62O10	1a9ea028f1e33ba83442539150c465ad9c882638f0e202901ac7b934aa922357
MassSpecGymID0229131	AECDBHGVIIRMOI	C27H29N5O	1abc188b35e4bb069552af1ffcd50db1ae59adf307d097211e566401ebc7393f
MassSpecGymID0396265	CHVRAVMYAOSSIR	C23H22Cl2N2O2	1ae474586804e5ff9f65494573cc2f03173f629328aa8ee0505c3418b0c21fae
MassSpecGymID0209120	OPPBDPIJCANYJL	C22H27NO4	1aeb48696034c2da37e9b4f5d26d2114e27de1701ac1e305363df372a6b6c91a
MassSpecGymID0206522	VYHOHMIXFMRXBA	C16H19N5O3S2	1aeefab10b7b400e171166835a73d2d4e068793c91065a9e64c6c2b74d6ff907
MassSpecGymID0051732	RWWYLEGWBNMMLJ	C27H35N6O8P	1af1bd600bce0f239b85d10301cf98605947ccd936120687ff9a1d8d0f3e3085
MassSpecGymID0189215	FXNSZAOKKBWFLU	C40H48N4O3	1af975a1cd705f615796ac566fb6db49f054ce3ab2124e2162aff7a416c9591c
MassSpecGymID0235391	ARYQHSWJGHCGJS	C29H29ClN4O2	1b027adbe0d3d5a39ec03a530e11a4ced5a860bc81c7e720af396d5692d50267
MassSpecGymID0189096	MYTOZWCQVXHVIO	C41H52O16	1b0483dc63c21a63a7aee0abf34671c57f05f6b0b1306e709601bf78d650119b
MassSpecGymID0207906	JWPYJBSRYMQHIX	C15H16ClN3OS	1b1a74a045f2a313beab3c8c885a29041e774cf73f6bc80f58a42339e049f51e
MassSpecGymID0211465	ANJZLJIAEZIZAG	C13H16N6O2S	1b1b301f12e3a6c159b773eccc06e61d57ea02e346885f30a02dde38b1336253
MassSpecGymID0221113	ZBCMHWUFWQFPLV	C25H25ClN6O3	1b1f2a7dcfaca371b6220da09184867ee06fd0418cdb4a40d83bb84307b181f8
MassSpecGymID0232977	SJVQHLPISAIATJ	C22H17ClN6O	1b242c784751b770f498d0808a941c992a5bc486dbd865e4c1baf17810f4ad48
MassSpecGymID0203593	PDCMAZVDUCREJL	C20H13ClN2O2S	1b2d37f4f83f65775352ef4de2ee71fc65026015620d0cb4d0f035c3f4b43913
MassSpecGymID0226659	BQNXBSYSQXSXPT	C13H8Cl2N4S2	1b8810fb4ff9a64617c8dee81831857e953a4767d65a14b125c2209cf9d8b9c2
MassSpecGymID0225670	XXJWYDDUDKYVKI	C25H27FN4O3	1b8e3921113288f66b2b75db0d8bc1b1f1e1c7718a6d701054e5a95b6763b155
MassSpecGymID0127462	WXNJNHFYIWEHIL	C27H26O11	1b905b63fa896e0d1c1ef02796ff3b8a8531e046a60166b9878bfef4f51e6c9f
MassSpecGymID0233655	HLTKOFPQDKJCAN	C19H18N4O3S	1ba0f9ad78c6e96e916415ed6418ea9cae33113e7e85903b17bd722d956dda71
MassSpecGymID0210556	ACGPSJNQVVFEGB	C18H13N3O3	1ba881baae923513609e70000862bee262f6b23e8c8c7db5cf2b358009897ea7
MassSpecGymID0232874	VFTGDXPPYSWBSO	C28H28O8	1baba52719de8e5c0fde690d82631f0dfe1b7e0381b37fc21cd072ab95dfba50
MassSpecGymID0228461	IWMCPJZTADUIFX	C31H38N8O3	1babe1b9d8398fdaecdab4ae015fb5295171cec31c5294459dba59c613345423
MassSpecGymID0179776	YZLODHPDCSNHTP	C24H25N3O3S	1bb8ebe7e1553614e183fb7f80f6de578c5f8e07a8f7efbf1bb1b93cd1c38a65
MassSpecGymID0189658	RSQMJYYPSGXQML	C44H47N3O10	1bbc741e46c22060cf3a61bac23f07bc212fdcf01d7c5c47647ee36804a89cb0
MassSpecGymID0234081	QNLSCNDZNSALTM	C32H35N5O3	1bbcfc1287e70ec8a2a5c4cb2706c1fdf9023ff36d2ab3d9296c50a46feff3d7
MassSpecGymID0160951	DQBXBQIOPVLJEV	C36H58O11	1bddb83084e8744f520213ef8d72cb106a32e42d0b3d816dd0be8c7443b07e50
MassSpecGymID0227568	QRPZBKAMSFHVRW	C24H23N7O4	1bfb1309511e01859a6ad98792b486f6ba9a073cb947f42fbcfc4c4f32910e25
MassSpecGymID0222574	KZSKGLFYQAYZCO	C28H22Cl3N3O5	1c05771260b4c33868d3f443d3e17a41e032f531fb2283d735c690c17c365b04
MassSpecGymID0189079	FAUWZNGPMHRLMW	C40H46O13	1c0c88fa265269f2e20d4971d534afac8c24d47a28110ddc7c0a3cb5427ab391
MassSpecGymID0207276	PPXBKZBONGWSOB	C21H22N2O4	1c0f3985a3f8c82a94652243889e007a8621596634be622d01644cf899270dbd
MassSpecGymID0232714	MOSKATHMXWSZTQ	C44H47F2N9O5S	1c11fa7eb65fa7b1c121f58bac989e52b37441555307d2b1e52d0277d32fe28b
MassSpecGymID0216094	QZPBQOJGSNLVTJ	C21H21F3N6O2	1c29e1b3dc32ef5e588d7c79d9928a25346123a16da6311778b7afffb2fdffc7
MassSpecGymID0228504	YSBGRVXJEMSEQY	C27H26N4O2S	1c2a703e74bfe88ea48c2899cf452f5d1f149f2aa50919752ab80cb4c89b03ba
MassSpecGymID0179691	COPJJLIBBWNVEG	C17H17N7O	1c3e3e57a98c1e83a6919f8aa59f79c32ad8756a9a04d731b7aad0fa941c4edb
MassSpecGymID0219838	JKCSODVERGVDLT	C21H24N2O2	1c437c0d3e88855c3c90436c71ec69c8d48dcffe8d62805317de4f2b00088518
MassSpecGymID0227066	CDJNNOJINJAXPV	C26H26F3N7O2	1c4614e5b9115aed6c9385c6c5df1253dbf97bbc22bf6ede6a529b055627cdb8
MassSpecGymID0220669	ODNICNWASXKNNQ	C25H27N3O3	1c46c8c12c03dbb281283ef777254c17939dd9060aef8ca255c3467b3824cae6
MassSpecGymID0206148	JOMTTXQMQRXCSS	C17H25N5OS	1c4f691cee361f6ea5bd0a5b87ea8f24b2683074ee5ac771293754b6346cc353
MassSpecGymID0208778	MCWCAAJLZAOSDJ	C18H18N4O4	1c5e1c5220ded26b9efc7d7e71f701de1e15062d18233df395a6e9ba14326aa1
MassSpecGymID0368067	LKRVWDPKVDSKFP	C35H30N4O4	1c81c4d84a13be554b9279206df3ac686885d25405bb2df9f5a9adccb0302301
MassSpecGymID0208154	USEMSBYPDXZBAQ	C17H15N3OS	1c8549e86acb3b5e2ad64baff28ee72cf5281cb10b789c709b027df2222ba06f
MassSpecGymID0205393	AZWOXQNMSINONT	C19H15N5O2	1cb5ea84b6fea3305e3033eeeaabd31765ed5ed795a1b742ab475c221b59a44f
MassSpecGymID0210751	DHTPQRVFNCKAIW	C17H18ClN5O	1cbd97da58c450549ac0e01c5f7eebbe09b94ddd536956933d09c35143d2415c
MassSpecGymID0202054	KSGXQBZTULBEEQ	C34H41N7O5	1cd0a0b636bccddb51c89f526b58fdd24e73df468b1acba554fc2b9826baa633
MassSpecGymID0241268	UBCRRGWRFBTMRV	C22H20N6O3	1cdd42ddc4ee622b7ec27fa98d2c4d6f436ac285c338a4a7f8016f8fda143a19
MassSpecGymID0225255	JYSLFQTWNRYWJT	C17H20Cl2N6S	1ce61d80f275a86d38e07efb6bfadace3fe7a936342d1881df5d280b5c39ef90
MassSpecGymID0192094	RNYROHPATJSIAO	C24H36O15	1ce723facfde9d779455795d0bed1b9fbb654be6c5194f7018bc8dacb2d75e8d
MassSpecGymID0248830	IOFATHVLOIXNOR	C28H39NO3S	1ceeafef4eae348ffdf46b49b735d30801c1c8d942bd6ab27058897d4cbd44c8
MassSpecGymID0238774	PETCZXAONWLUFT	C29H25FN4O4	1cf161ae09d23abb503c82f903bd32752f70ce800a1d27c88658ea0afbe8e7bc
MassSpecGymID0222417	WCKZRLOUKYFJDY	C17H18N4O3	1cf42c8aae2ce251a0f5f81976a6bb392d787dd97e66fb25a5d0f9d719127a35
MassSpecGymID0216157	DGMWHRQVCCLGHT	C25H23N3O3	1d1547e10aaa85b7eb032d7ba26d9598b2eaf9dbf9cc423e83f9c66c9e9f09c4
MassSpecGymID0224608	PWDLXPJQFNVTNL	C24H26F3N7O2	1d22a11936f9e1394f736a04c299f7a5046b33cbb6f91eab33a2cb50656d94d1
MassSpecGymID0350556	KFEFLPDKISUVNR	C29H36O16	1d26cd4b025f708737a757902c124e096ffbc9e2d6b289702c707ff7b06e3ee9
MassSpecGymID0227557	OZHWSOOZCIJFQN	C18H15FN4O2	1d3dffc760dc1f0bbdc1042871188d83e9b4427f213d6b0120077b6ce758d961
MassSpecGymID0231185	YQMRQLBCUBZXEP	C25H28F2N8O	1d42eaf99ecb900acac4ab95d0c8537a61e1985c0e9ea2a51cea0ba3c1c9f5d7
MassSpecGymID0398409	FAZDYVMEXQHRLI	C30H22O12	1d4ed6db8b252090dc6f1fae093e08b34ac11442b77eb8c39062d143a4784fb9
MassSpecGymID0214974	JUEYZSRDJXQDCM	C20H24N2OS	1d511aa969b8fd15f09abbc5a4750ec349b79fb38576d860a7351fc166ca8877
MassSpecGymID0237605	NOHQEAFAESMMDX	C28H25F3N6O	1d560571b76b6e298726866c4552a0e09e6374d8c4f0337caf213cb108a9f58a
MassSpecGymID0210207	BMPIZTCXBSACNP	C22H13N3O3S	1d56e299cb5230c0352c2a3b81adec32dce3b1e6ef9972749acd9e421324b289
MassSpecGymID0205068	SUUYOTAOHACFEY	C19H19NO3S	1d6be6b5d91686e0eeaaf748f1f2c199a23e305a39193bcec1595767e64f7e00
MassSpecGymID0186212	VVUAHGLHHLVKDR	C36H68O15	1d6cf04b57505ad1458f14cfb74599fc9aa6efba516ef920dcb85e5c607d947e
MassSpecGymID0228262	DOTGPNHGTYJDEP	C18H19N7O2	1d75b97b4840374218dc0ffc8020b97302814f39c49447d305ba80df9341144f
MassSpecGymID0322350	ORGVYSONNBFESV	C35H34N2O8	1d80502d932bdd1e707984f1221660ce85d989d2f13f0908428d9564b0ce013d
MassSpecGymID0215506	NVJJJOKFULGKCZ	C18H24N4O3	1d9c9d5f10a6137762d79daecfd669de6ac052a1ebfa8a9e4729eb219efe06c5
MassSpecGymID0231544	YNYGVGYGPMQAEL	C20H23FN4O2S	1da210bae0315ab9624d00cd905df544ca7152b7a96c828bc0a491b95d0cca22
MassSpecGymID0247811	TXXWXESCAGCJAD	C28H30N2O3	1da2b32022dea007dba09fb5b29757e6f60d0ec9ff3ee9512859631dcdb45f95
MassSpecGymID0222174	BWABTWGSXHTHCG	C26H27N5O3	1db20442775c5018a683610f641b67c6aafa2d68268195acaeb748f896bde706
MassSpecGymID0396292	RIBGLFMQZAHUNM	C26H25N3O2S	1db62b7b4ff75c9c613a1701ab1ce0ec9c65bf13c8c21a17b8fd2891bbd688d9
MassSpecGymID0222102	XRNVABDYQLHODA	C22H25F3N4O	1db782dc05a4fb0944425f10639ecd8972f981025f83b654a0722d2289cb14a0
MassSpecGymID0179670	BAKRJLKWGGXQFY	C23H28ClN3O	1dcd90de602493a49c91862bda519edfa37e94a3bdfdea25621a0f86e85c2896
MassSpecGymID0230454	ZMELOYOKMZBMRB	C27H30ClFN4O3	1dd4c77a2e056c5d1f800d55aaeac3860ea13a8ddb50425f1e5a7540341b1aff
MassSpecGymID0230922	KHWCPNJRJCNVRI	C20H21NO4S	1dd5f73808075ad771b03ae61814780302291d51e0309df3e48c5f9da6de5a29
MassSpecGymID0204830	AZYRQYLZPXVPSJ	C22H22F2N4O2	1ddbc892803833be6b9ab438f7866ac0c9df1dab68c1244f7d3a827cc2f5913f
MassSpecGymID0210113	ILQBTJWDTHYRJX	C26H24N4O2S2	1e0a1e751f9ee7b6fa280593ecc43f8be5d0daa19e76765b644a8f50795e1cbb
MassSpecGymID0209333	WSJSURIJDUBPGO	C15H22N2OS	1e0fafecfa222b79a9425ab3a72a81752b5b5cdd66d617b65a421c234c70daf6
MassSpecGymID0211185	LDCGIZWRZRSYLX	C27H24FN3O4	1e241850cce811eb6e9899d23c4883bacaca67c289314fb7b18d5828decb2b33
MassSpecGymID0211998	SBPOTJSRSGXHCV	C21H26ClN5O2S	1e2ff45cd0d227fbf793282a3993e4186d22171aa53a245b305c840e053a7598
MassSpecGymID0185695	BBMULGJBVDDDNI	C34H54O8	1e3b31f7b22c36b830eed91fedfe70af7ad321251fe70d7b84dc7d4b7404a5ed
MassSpecGymID0236752	VVJSZYWIEBDKTC	C25H30F3N3O2	1e3c6f114d1ea4d7e51b34b6bdd96fb3eae98238ccc5df549490983efda22d9d
MassSpecGymID0199349	OBNLKIYUNMSGTC	C29H38O7	1e3f1e887f8012f16191721852ee5cf8994c61b6143c2842cdd10c68cf30890e
MassSpecGymID0214706	YBLVCFLGRKUQIC	C17H17N5O2	1e4f920440121509bf0cc9b546058012fa1935058e95c34390c044319c974b4c
MassSpecGymID0229426	LBWQSAZEYIZZCE	C18H24N6O	1e5c2b1a4957d8785b89f3aa8650d1fa9d3589c1735057562a8ab57642bc6abb
MassSpecGymID0204626	XDUGYXFHJVWZHK	C12H22N4O3S	1e65bf6080322bc03dabf600a1975eacaa80adb6a6fd0af9407aa71a12b81583
MassSpecGymID0214728	JQXBITDPNOSNFH	C14H17N3O3S	1e8017af976ad55fea2cbcb051afc88cd4f0ffd43ae9909c19b05c96efb9a00c
MassSpecGymID0189021	MKCQCEAMNSHUSD	C46H43N7O15	1e89790708bb95971bb102e97da7d0a4ba9b48cd52b5058910e4906a92792494
MassSpecGymID0214019	WADDEDCVBQJPJA	C11H12N4O2S	1e8a06c4f0bb93fade8e67a639a63f175329d92b945038dc8c56018ae9c81c3d
MassSpecGymID0388862	FCPYAOYFEWHACB	C37H52N4O8	1eb774ea2c76fec8b6f3ceb6fed1022d020b95165d84a42d5795fa76bf51276f
MassSpecGymID0211810	TXKUBMJOOSZTSH	C18H22N2O3S	1eba6d605fae9f92346ac431a25e82bf4793419cce27984ca24ebe489def4a7f
MassSpecGymID0204315	UEIQYRCXPMOTHA	C26H21N5O4S	1ebb63622ec7a2b9961c2eb299d41d15a92e4352ad853431d4031e74e63eb2e8
MassSpecGymID0230870	VRVJKILQRBSEAG	C25H24F4N4O5	1ec413a8def7c54c31237be72e49c29005cdbce161f720219381c04b7ad320cb
MassSpecGymID0218352	KIOFFSGXUJZCOC	C16H25N7O2	1ed3127b17c318c7e2368962296f5417e4f454fbbace2d366ecd3d9b005ec906
MassSpecGymID0234004	BWAKMLKESHKOHK	C20H29FN2O2	1ed531f11a421f8007b840c0d7f22417c91a80d2f8415dcc00ed7716c497848a
MassSpecGymID0192458	HXJGKPQYSSUARF	C25H32O7	1edcac56d3a538b6b965f3ec2a30a5445de95bef725a291ba7a97eec7aeb1b37
MassSpecGymID0211149	HNRZCTRCQZABEN	C22H22N4O4S	1edfa6fc9582261a6fa9c0156684b571a5cf8ec6b0f82b96a86c01444db7616f
MassSpecGymID0210316	OCTVXDIJJZHVGJ	C21H30N4OS	1ef6f69cad8582a98ba678b8bd493851bb1cc9bc53080240292ff9711e173d61
MassSpecGymID0214298	ZOBYBACEALCILX	C19H16F4N2O4	1ef7597264f6e933ad1670b320345781a96ea96d3c5c1764d185de076b9271ee
MassSpecGymID0352133	LPZSTPCYWWRQFU	C26H34O11	1efca9a79ce3ed4215543e0ed3f93f4c9676f9a28d64c5cc7f79643de147e5c3
MassSpecGymID0199839	VBKOUAVWXRGGDI	C21H24N6O5S3	1f04de598dcfb840cda0b8fe4e3e64d2fd5c3aa9d855ff5cf05d438ec7daf5a6
MassSpecGymID0223984	PUIXMSRTTHLNKI	C26H30Cl2N6O4	1f05f4c28c3f85a02d91fd641d628ac87523e34c6e04f551a75f1c5d7cc37952
MassSpecGymID0394007	QLFZZSKTJWDQOS	C50H74O14	1f092b7d705dc771f71ecb55176e9661e740b6a2536446d670dc8b8448a9a545
MassSpecGymID0236823	GSZMUPHKOPBPPS	C16H16FN3O2S	1f0fb10f757d5eb7c74b15535cbbea8b48a8c62196c2f92593320a19a18abdb3
MassSpecGymID0228122	MPMFCABZENCRHV	C25H34N2O3	1f1682f66a98daebeaae5b61ba9ebb04a199b398eb3a68c82ad547808db90a03
MassSpecGymID0250288	PRWQWYNQGGELGS	C27H21N3O3	1f24af5be61f0730269edb2ba17ca9aa131357568eee740a020518c3e1e4754f
MassSpecGymID0210543	YDUMYTPXPLIWJI	C16H18N2O4S2	1f327249ec14e4c061ee3b0abc01ed7ca23acf6afe8b0ea142cf03d1a50e006b
MassSpecGymID0210918	WLAJSBODTACZBB	C14H20N4O3S	1f36253e65a08656ac4bf2d8fc1f80eb30423f2502a4500ffc87d5d1e21e6d13
MassSpecGymID0136814	OXQONDBZMLPJFL	C15H26N2O10S	1f4615b58c0a83e562829cd24bfdecd99db27c9fdac9694f33880b413a6627f6
MassSpecGymID0233733	NVHPXYIRNJFKTE	C27H41N9O7	1f4618ac60fda644c049ec668b71212adf61100a6dfbbeca46830459aba90e13
MassSpecGymID0209172	ZNRWELKYFJBPSJ	C21H34N6O3	1f4c7585cb3808c02126560bf0c9d26fb128ceec5da40ad43e4e2c33c85ccd3c
MassSpecGymID0185118	DKZOQKYOEKTNQN	C33H50O9	1f4ce24d3d1346d19505b358a099f9574be4f83d0cc6bd87508a06abbd20dc0f
MassSpecGymID0082046	OAHRHEHKTRXORG	C19H16O4S	1f586bf5fccadb53ed43b73187ed580f8fd3207c3f13bb4c5acee8fbefa7552f
MassSpecGymID0179651	GBDXIBWIVZCVKE	C21H23ClN4	1f5ca50eea24f28c7e034a9face1db8f5f84303df55a943069e4f69ef378bdd3
MassSpecGymID0225862	IYJSFPQYTFFTKN	C28H22Cl4N2O2	1f87cbcb87e61428608f41d301fa15d59e663f4b63c21d22d466d3d88f8f2c28
MassSpecGymID0211560	ARPIKGGVTJYLOK	C19H22N4O2S	1f94d94059b8f4183fbfbb6d784a7791e7bc406fa0ded3f55a0695520b5fd2a5
MassSpecGymID0206535	PFDLIIKEYMNVLU	C21H16N4O2S2	1f9a88035f04142a542f29454dbb966590d0da3946d694900cd98a9942e3a525
MassSpecGymID0195282	GXUYGLKNAQMTRM	C46H54Cl2N2O8	1f9d5560566b3cf7c528ce03a3849daae968a08ccaf55caee566e996e96fb55a
MassSpecGymID0197158	GAWOMYRLBFCSGL	C35H28O19	1f9df2ac80beec75a10d90b1d33a799ef47e9b27a6e566802ed89abf4199ac42
MassSpecGymID0207007	UUPDQVWJAGAYOH	C17H27N3O2S	1f9e29f31ac58cad43109951da6cf49363fb3966e7359dea46b0df75992aca6d
MassSpecGymID0207564	MNISQXJSXTTWOZ	C15H15ClN2O2S	1faa3287663460af8008498ba275dc4f33cb2e41734a59f811804c7cfede670d
MassSpecGymID0397915	AGVWUSXOLCAMND	C35H36N4O5	1fe43e458fdb726a3c131aa10e1e49d7a9d519f18fedacd0f6861aa5cf91d348
MassSpecGymID0205010	UULVWARUZBRKLD	C15H18N8	1fe4fc1d88b6ebbe60486ac5fa41bfa6226fc928bcccdfb5ed2bee4b620b0402
MassSpecGymID0182156	WIYUZYBFCWCCQJ	C26H26N2O3	1fe7760e0d43c7a338b346b7a5af5fcc7788a2ac6ce248d945fcc0e7fd9f3935
MassSpecGymID0221854	VQPFSIRUEPQQPP	C31H42N6O3	200c751cc91d594ded7b7a735c413db3d67e5df1a8fe233ecef259d0704908c2
MassSpecGymID0204232	PQVHLIFAUKMJML	C19H21N3O4S	20143bb3fe458797fdf10c482fc5c328a9ea233954abf45618bb687f088e8740
MassSpecGymID0203623	AMGBYGMMAJGWQD	C24H32ClN3O3S	2045a71ea533837157e0725477c30720c2f8d36e3e0faffffb71a5e2d218d272
MassSpecGymID0206254	RPFBJVLQZHTTLK	C24H26N4O3S	204a0dbac48aced976e93133ce078cf1e3dbec15c66797e6f397ca77cbeadd9e
MassSpecGymID0232692	PIMQWRZWLQKKBJ	C21H28N6O2	204b8241aaa250f493033a088f92d2e84acfea9257b03092df8531864b7f8f5f
MassSpecGymID0233767	GHVIMBCFLRTFHI	C21H26N4O2	2055795461d0f72e84a98d2be0e2c53834efb0a4dad59ad262e800cd2cd17b4f
MassSpecGymID0208231	VSFYEIARHRAQGF	C19H26N2O2S	2062eedf03d18f9e37b5380150abb7162f0f419db75f2723e85968306890daae
MassSpecGymID0388630	PWMWFOWSRFRPQK	C42H50O22S2	206b2b15704cf5676090b08f88be756a85fda10a617c55edf5249b0e0e89c384
MassSpecGymID0231555	GFNJQQBUZURQMA	C27H28N6O5S	207ce68e5b76fbdf8cc67a93dbd7dda9c8a11c0907760fc90625e5880d3866e2
MassSpecGymID0179812	YIPAURBUIQKDKE	C24H24FN5O2S	20827b12ddddb4cf02b2182fda5aa9952756dc10e87da2f71cf1bc0664116b32
MassSpecGymID0382161	WNGVOVVMNRIJOX	C33H35N3O5	20906f6d9534af6d63a4f33e9cbc99ade9d4dd23c9ebfdf31f27884f1edbd76c
MassSpecGymID0164484	JKLAVFMVEROOKJ	C37H50O21	209f36ae439e482153bc69b051b9b921af2c6c08f90ed987fe81c3f4e30286df
MassSpecGymID0231682	ISLJZDYAPAUORR	C13H11N3O6S2	20ab57e5d2d0d48b3cf06b06625ded53f13df841b3d1fc7c9e61f938eb3b83f9
MassSpecGymID0193147	STOYMKJWHHPSDH	C28H40O9	20ae8dfa79e85c8209124ba13af29d41a34321516af25b62498f54925be9bedc
MassSpecGymID0221561	FUSHFOGORKZNNQ	C21H19N3O3	20b17914aaae60dbc44c8a5b5cc7c2d61606f68c61fdec77c6a5c5dfe8d54415
MassSpecGymID0212379	HFRYZYZRMDGKCL	C14H22N4O2S2	20bb438b59462714da9c5606e870365e5bb4ce48670d62aa5a90f116f6af7cfb
MassSpecGymID0228231	GAIOPWBQKZMUNO	C15H15FN6O2S2	20c43d3d81ad6802708d71091d2e47dbc787390f7bd10b6eebae0dddc4f921ab
MassSpecGymID0221580	HBNPJJILLOYFJU	C29H38FN3O3	20c6b2c465d8d84b5535b7becaf545e91d9acdb09648a198ed3f636256e16307
MassSpecGymID0223873	RZRQJICXYQPEQJ	C33H46N2O3	20c8f2da2e18bf11155c8fceda48902417cef02b6a174695c26479659ea67321
MassSpecGymID0397307	DVXZVCNEGRKLMW	C32H45NO4	20c9b696d4a227112a83647bbff302b5c5f5251f91307903cfd66fc439b74ea1
MassSpecGymID0206653	YHYSJLUYRPLENU	C20H28N4O3	20cab3c638a7b4b3b8950ed3f9f23a1cb9a55aafad344f49b1db7a5c2f590184
MassSpecGymID0211081	BYYAYTKQMNKRPR	C19H24N4OS	20d05e3f837488691d3c52a58aad465541423c104ae4dbe5594eb8a37db73d48
MassSpecGymID0205022	YNZSTFNGSUGXAX	C18H18N4O	20e4009750a3108980fa605b15b4075d60e5353131d5e752f2457cf9a7f113e5
MassSpecGymID0001460	JDUWHZOLEDOQSR	C37H44ClNO6	20edbf0f1a5cbb90f9ff60866c24618e99bd62c3bb5b421b31237675a91aa6f2
MassSpecGymID0214007	SYIZRULNQCQFAK	C17H18ClN3O2	20ee7aae357a3b9ad3058a6d3ce0b89557585193e28f05213080c4bb529c7100
MassSpecGymID0179709	VKIMNIFOQJKBSQ	C23H32N4O	20f28004bd514f158bc2c17fa253b9c4f36d82231b1243fe02c6a4b76e9ef559
MassSpecGymID0189292	IIENSJWVEKJWAJ	C36H60O9	20f8705038a316e6440ea31aa049b28084feb5bb4daa3a2f1c8a37675af78e09
MassSpecGymID0243300	ULAZJDQQOJEKRU	C28H31N3O3	21040885aa468082e4b3f3d47f05058d1d34e5175834f8325a0978a9e884a633
MassSpecGymID0400742	LUEWUZLMQUOBSB	C24H42O21	210e178968d7875d81ee2d574603fb90dde175ce01b884f61a574cbbce968141
MassSpecGymID0182091	UBRKDAVQCKZSPO	C24H31N5O2	21222a8f16ea7a7032d20fa18e175cee91f4a0ae968670d6e7ddf1f72e89c206
MassSpecGymID0209811	HOOWXTBPUVABTI	C16H22N6O2	2125d266471ebd4965253c37b4f97568bef254c4bb7367a71a17dd74914c9705
MassSpecGymID0233033	QZXVLRCMAHJVIP	C25H28ClN3O2	212bd610f22577d584d080885224edde5277df91085b833b90b4a486fb407cca
MassSpecGymID0210222	JRILBZVQGWDEHG	C18H18F3N7O	213124476756e57f00abbed18ceac7b27a7f9b54d733802b93652f4d757c1bfb
MassSpecGymID0214938	YDAIKMGKBVCHCZ	C17H24N2O3S	2151b36d9266205757be9492f26608cef2a232cb1067144e66e92462780fe56b
MassSpecGymID0246076	KPGVUOQMOHGHEW	C17H19N5O8	2151c3d8042eaf720af1f1cc7a8de2bdfca6662c8fd8e9a74a7a0c93e55af996
MassSpecGymID0209314	LHKLSNTUBPSXOR	C22H26N2O5	21566197706eb8e41b89adbaa2ecd4875a688c95502c66186f3933811e0ec0d1
MassSpecGymID0237383	AJFKKXIBHCRFJO	C27H23F2N7O3	215cc1bf68376d04c865f61585fb50b83d7f4602751951c4e977711a4825c2f7
MassSpecGymID0209867	CPEASMDLDZFONU	C16H23N3OS	21639c637fecbc4394bda75d5f8660cc05077566f3c1f462bb88c60fb11ce1e4
MassSpecGymID0207796	UAKFDBKNIARUEX	C21H26N4O3	2178078ebefa1c4bd89e1ceb2036aac5ac22d124dcd05a600c23fcca4f60f7f0
MassSpecGymID0214843	KJCMHWUVQPPPCG	C13H17F3N4O2	218dcc17e2752a0f734a6452bd736ffab4d34423a9f6e77078c40b7578cd9c09
MassSpecGymID0250631	WKRPMJFFYWUCQE	C17H18N6O6	219fe3248e47532d1a4588367807f2de46a4897b659923e010dee7fc1f078431
MassSpecGymID0233803	NKUNFNVAHJNALA	C19H18FN5O2	21b2e5ed9f1e7a6c761fc93c9c6702b487db54d67e94ca88808bf466fd89e444
MassSpecGymID0218825	HLIVWBCNWLFFAL	C23H25N3O6	21b46b7756ca33d3b268edab7613ba2b1eb6a4b9f80fd8ae9c3b8d54c3c372ff
MassSpecGymID0225303	DUUQLWDHNYFUPP	C17H15N3S	21cc28b47194b02bd8454700a4c42b7015df7d37bcc78d2db840b11042749d88
MassSpecGymID0211727	KEZCRCISUVKQPR	C20H29NO4S2	21d0728bee6dff1062a6945d1fec8dd20743b24847ce0693dc5ee5e859d350be
MassSpecGymID0214459	HMIPAPXYPBVZIW	C16H20N4O3S2	21da72d1759f8818619e3abd19f6d997afdf714ac1ecee4d75d21e3888a11eba
MassSpecGymID0210632	AAEAWLCVAIUTBJ	C18H20N2OS	21f518bc731e12fd809a21911033f83e909fd408e57203be185ff828e4f835d6
MassSpecGymID0209618	UWYBSELSCUEBLB	C20H14N2O3S	21ffed9138f3a688d1b5bcee0d8bf172382bbbefd35659fe9c3096d247537159
MassSpecGymID0220016	SQZJGTOZFRNWCX	C20H22F9N3O2	2202ad422fbdf1ada40555f33767bdaf5cb074f126a6b470845d33cfdd16baff
MassSpecGymID0236605	IPBLCOKXDQHSQW	C23H24ClFN4O3	22030da988f1d65a984d05b59bf96b5e6677a8521767e5b254d5e42b2d09b5ab
MassSpecGymID0214112	FDYQBZGGEKSXPH	C21H17ClN4O4S	2203eadc4a4eefaa1deda93b9f3daa6ad0a3ff3b1ee2f4794c0ee9f3b4bf61b2
MassSpecGymID0199956	WLOHNSSYAXHWNR	C42H78N2O14	2204e4d4be57df67fa30776ed46ee579b238a07bc3a60d601d94ad3736b1ec5c
MassSpecGymID0208596	FVGBVZPZELYCND	C15H20N4O2S	220c01c10998dbb600a0f94bcc2d33103822a9d6688831527a122a7ba12f4bd3
MassSpecGymID0219726	HRDQQHUKUIKFHT	C31H38N6O2	220eb94b0f49d603d3b255f7407a1a641dab35b4a818d95cf06c1eeb12b0fb5c
MassSpecGymID0210117	CRZFKQDDRSZFHO	C12H17N5O3S	2234cb07a7d8f35ce038507aec03ae4ba3b4bebf0d1e917799e803abeb60b0cd
MassSpecGymID0396779	RVGZQEWUSPETDA	C35H48O7	223ac0f5ab56bfe62d24bad6f16f3a0657f7179fa99f44c8685a90f2d8248080
MassSpecGymID0186142	CBEIHVWVTGRGDR	C28H51N3O8	22492717742c1c9f9e511a0d8ea471ab6b9aab9747a8fd6adc1670f195327246
MassSpecGymID0225626	QQBGNWWJANJWNY	C20H21NO3	225e2ceb35dfa394d6e413338676853a23f2f36dc8cafbae5a7e1ad6aa4d18ae
MassSpecGymID0234301	JTLXCMOFVBXEKD	C17H26N4O3S2	225f96daa0efb60522f0cfadf5c14dd9503bc8ea326f5dc5a899b1c7c0f86d0b
MassSpecGymID0214612	YXUAGQAGCSJGFK	C22H20ClFN4O3S	2274dbaedb0afda7549ea13abbf2164b040a23006d98fb8c5b121f45aa366cb9
MassSpecGymID0215271	FCUOACZLFYZGMV	C21H17ClN6	227854ad6d06b1e7857dcddf8ba812981f787ff45aea7bf36a27d2f6a6d3a631
MassSpecGymID0235797	DCHROQCNJDJPGN	C20H16FN5O3S	227c9310500c7d2d85d7439a29033a82010c10429f6e8b9e8bb8a0134331ccfa
MassSpecGymID0212722	ZBKCHDXSGACZLM	C17H19N3OS	229389ddcf4efc6866d2eaecbb6e50cf5c6025421e3c2db9f675ef29a49b3ae2
MassSpecGymID0196037	JFTUBAXWPXSZEH	C25H28ClNO8	22944f354ffc6afbda111eb57e412de86a3a805330f7d05884b57190f2f89e73
MassSpecGymID0229846	RKHSOIYWKCMPHF	C20H21N5O4S	22b40179f6adf276e9842948d768087194a64d9095fcaba520bfd34d77363fbd
MassSpecGymID0207960	PDKLWPSFFQESMQ	C16H19N3OS2	22cb902ed602b8bcfafa804e13a69459cd7aa9e3253194b0a8266457434455f4
MassSpecGymID0210943	CXERCQDJURWLBG	C19H18ClFN6O	22dbb943f391746f58ee67fcb496e3637f84321b694b1f812fabafdb494f1e25
MassSpecGymID0226287	GEPYBHCJBORHCE	C28H33ClN4O3	22edada234b5375724d7f5d9b9819163c38de083644cec08d07c07b5dd86fd42
MassSpecGymID0237376	KJSGTWFWVTYPFZ	C21H24N4O6S	22f81b0b2b30996be02335c26c92479c76fd7b2d5d321716a674558c5d9465f3
MassSpecGymID0189058	SVAPNKGLWRWWCI	C32H44O7	22fab1137ff82eb57dfddf7736ad8914196993fa1ced43cd6b74e0a7715343ce
MassSpecGymID0208088	NBRLQKCSZSDIGJ	C18H16N4O2	2308c54f48727581199ad67dc09b8d5d209001e5ff696b26432cc227b2581ea0
MassSpecGymID0211957	DQGWAEDXKMUQIH	C24H30N4O4	230f6e904dba83948ce5478a6e1005ef1756c1d406e14a5760f046cb0a7a03cf
MassSpecGymID0179735	RBWNFHXBUDPAIO	C21H22FN3	23140287504f1912f29fba01d77d07e8b8f4500de128be579f57ba9338b81aa9
MassSpecGymID0224937	UKKRUIXIDCWALA	C26H28N6O5S	231bb0a6b56c383905fc7c962f9a821f1bfbea1ae393d1567d2984496280cc6e
MassSpecGymID0205921	FBFVQRUWIGDBGP	C13H17NO5S2	23239a508ed490796b0d95848e63f47fa364eea890e5c64362734e07b78b9c11
MassSpecGymID0179658	SNIHFZNFPCCTSV	C21H21N7O	23327917089ab9175e8d8fbe0a781cb6360e326d714d7817d733205382fd4820
MassSpecGymID0197994	DMMVPIYJYFCXOA	C37H48O13	233920d3856dc86a4e8ea6dabcb7deba51cc9f1bc5a101724f3c6cd506da6eed
MassSpecGymID0226410	FTODTDQFHDJWIQ	C29H31F3N6O3	234d9d9a1792990224fff85aa9aea057978686e13acf6dfec783086acb5e3334
MassSpecGymID0210819	FBPARHCWUYXOBW	C19H16ClN5O2S	23503b04382ce2140ef88e9256ce50f86d6dfe28579061d1a3a7b6b4ecb4e604
MassSpecGymID0154756	SDRRSTAVRUERNC	C35H46O20	23602ab515ee027f5938ddc5532f734cb881a70918ead5a879ae5e9c708318e0
MassSpecGymID0179566	ZLHZLMOSPGACSZ	C14H12F3N3O5	236065fcd0dd5c00ffde1a131ace2c40768a14b9b41127320c66cc808aa186d1
MassSpecGymID0215943	SLYTWRPPDRGGNX	C22H24N2O3	2382b125d2f75fd2e4fff11a108c0900dbf4a7ec7f59149f3a01806903402503
MassSpecGymID0205332	TUKBLRJBXIQJPU	C18H16N4OS	23861e338a96bf0eb5af016a3b546b86f663aea8dca4f6f6b452668583eca901
MassSpecGymID0220754	JRWROCIMSDXGOZ	C22H21ClN2O4S	239ad3b11d47507d0c3a0ec6fce51ddc5c01c165898aaacb4df8beeeee618fd8
MassSpecGymID0210233	KHLXEWOLKPDTRM	C24H23ClN4O3	23b16f5ecf33d32f9025da2c84d2523a895922b436863a4120dbdd635a878cd8
MassSpecGymID0233902	KJDAGXLMHXUAGV	C19H20F3N5O5S2	23b71bc164bcb035d2b225708572f00188553eb97c1160ff21f4150cb84a8a73
MassSpecGymID0208828	MYTHDDPRIDIHPS	C20H21N3O4	23bfff3c81054e0f38300db923c5f0e37c3f89d9eb69837b4bede5bb632d8635
MassSpecGymID0059112	YGFMQPHTQKCJPI	C18H17F6N5O2	23e0178c21849a96164068e0ce5049fc83a49a79b61a36cc0478d4a4232581af
MassSpecGymID0072563	VJFRQMMMXJJUSM	C24H34N6O4S2	23e33da1b3a6a32e065373cd9853265914982857742c6db0765c4ac70e521fca
MassSpecGymID0209523	NJYASCROTXYKQP	C26H37N3O5	23eac920d1ce538369eab41224caa91d15f0fa507f0e22331228d9b7e27a5412
MassSpecGymID0202645	VWUXBMIQPBEWFH	C32H47F5O3S	2403458d942b6c4b55f2ad75551d8bb160870528e3a7483ec798b2acf710401a
MassSpecGymID0223828	HWGQMRYQVZSGDQ	C19H14F2N6O	240b27eb39b923583806333d794389b3e53b5cb4d787c5e2b5d0902fba487307
MassSpecGymID0210689	FLMYJQQITJJISH	C23H28N6OS	243f3daad877da38c5fa22859ddc0343a4058ccb3a428d8aeca0c54bc67e71ec
MassSpecGymID0189164	LYRBFJCNZKRZPT	C42H42N4O3	24451febde936eb470593d13ed37ae56cf60354962258ded91f97e2a00d3e0eb
MassSpecGymID0219217	DRCNWQYEKZTTEW	C22H24N4O3S	24468a0d6973c7c379757440faaf6a9994b5b01a1cdd4bdff2ae7c3cbda87bae
MassSpecGymID0193193	AFYIWKNGSIYXCQ	C36H42O19	245f694476749a53177fa6fe5397f788b949966d393a860ac94f4f1c0679b289
MassSpecGymID0224112	WCEHIDWONYOKOJ	C33H35N5O7	2488df29492aebf9bc714635c5e73cac84382053e33f27ce90c9cc8e8652b56f
MassSpecGymID0231382	QCQQONWEDCOTBV	C38H38N6O3S	249802d47fb5446764a86b13aea602894fdae57edcf9060d229b06c49962cedf
MassSpecGymID0222443	UPGUBLDTYLMRHO	C27H29N3O4	2498add7e41abbd781f83610ea13d3371749b045a21e678716a999134a8bb17f
MassSpecGymID0199846	JEOAJYYDZYNEAH	C23H18Cl2N2O4	249c3d921a41f68cbdb8ac89377392c7179fab5694a258f0a32ce04c4c7e680d
MassSpecGymID0182451	GGXICVAJURFBLW	C26H40O5	249c76475711bf49bc6f1b5fdbee5e4714f1de1e0c38db150876763c45d2f073
MassSpecGymID0231232	HYLOONIBWUNKDH	C27H26O8	24a6f94d3fee04c542c6f7f8fa8d6a00b06d0ed1b50fda87244f9ce51eb0124f
MassSpecGymID0236040	KOYXXLLNCXWUNF	C21H21F3N6O2	24aa09f2045a26a37ab3478b9095814b3244d20125775fe90e604bf8ab2ffad7
MassSpecGymID0223448	HEAIGWIZTYAQTC	C19H16FN5O2	24aba90ba80b4c5582b8106927c062869078d2ec6c13e4b15596cd452021a424
MassSpecGymID0233467	WPFUFWIHMYZXSF	C31H38F2N8O	24b55c8291604244de7e68b104aebeab4e4cbb37ee4949300d093847974362c8
MassSpecGymID0235848	SUNCACOTKLUNHD	C22H18F2N4O3S	24e577f8bc745904edec17da8b016e4b9410c919eadd9b80462af6ee6e455ae7
MassSpecGymID0214829	CYJWZRFEBNSJKD	C18H25N3O5	24f65280b4a713fc67053829fd08423f174eab595cbebe19e4bb3fe02cab9ff2
MassSpecGymID0233366	MTJHLONVHHPNSI	C24H30N6O2	24fa53be380a2f6c91f5a0564567c12d5c645b15a7e0ada8b59689de2333c883
MassSpecGymID0209861	GVAAQJNITNJPAX	C17H27N3O4S	24fe6a78475d5046fa9422632b884f1ca14b21b4b3d3398bfee6bc6a9524e01a
MassSpecGymID0398064	YDHYIMYYVRIJQZ	C38H52O16	250197f60392b429bd4a3d26e0805468f4004876a4e23b4998fa567df9315f09
MassSpecGymID0230794	UPKQNCPKPOLASS	C26H36N2O4	250d505c70dd477228a2b21ac7d777a6aa3e2292ac44b99eaae9b860b57ec492
MassSpecGymID0238877	JMGXJHWTVBGOKG	C33H30ClN5O3	250ec46ccdbf2509c24b1eaaddf181d52d5de4304d24dc31744a5fa395387387
MassSpecGymID0206445	LLMWSYQBGRZLJR	C19H20Cl2N4O4S	2529bf39c42c60fa59f1edec98dc9852bf25a529ec9e96bac09f78d84ed4b075
MassSpecGymID0221643	KJTITGSAONQVPY	C21H19N3O2S2	2530b784c5bd730c8248af26b48ae64c3c033ca763f21e7e827f698820b82a2e
MassSpecGymID0209391	UPNUIXSCZBYVBB	C25H32N2O4	25462d33ce8ab94528120fa9caae7f151fa955f13e7586a21918a66639d2aeab
MassSpecGymID0028547	FHNINJWBTRXEBC	C22H16N4O	2548cf15acfbbee017545b8fa0a342398e041184b196394307c510328bd89b24
MassSpecGymID0207248	ACRHBAYQBXXRTO	C27H36N2O5	2548fad446ebdd75f2b4b8361740f84cc6a032f5508257537824563fe51bdb3c
MassSpecGymID0227948	RXVZJHDMMKTKDR	C23H24N2O2	2552208461ae20d67aaad0b24ec262cab455ee74e7c7ae27a32e87186fe2b502
MassSpecGymID0214279	TUGUXQNVLOXFJW	C21H23F3N2O4S	25555b1895cecab32b1f0e5703528c295e5ec820d0ce00a4f4ab9d54dceccc8f
MassSpecGymID0203896	AGJMGGRSZQVSTF	C20H24N4O5S	2562f10ae9fc68df3567ea0713bf5483c7508435f6ca72225eace1b82c119293
MassSpecGymID0211409	ABYOVIVWKRGMMX	C22H19N3O5S2	25639549b691ab80cef419e135daa06e0cf2959fc843467b8b6e05d642630501
MassSpecGymID0215399	WRHAVHZMSIQVQZ	C21H25N7	2570819981d91a9165e2701f10ea4e71999b865840096452214593b8ea2146de
MassSpecGymID0207291	QEOIDOAEOWQALB	C26H26N2O3S	2581542edf3a181d932a1489477d632bf19afb1b6d41044ecd3f175be93dfe89
MassSpecGymID0238719	DYLGFOYVTXJFJP	C30H32Cl3NO	25826e1db4c2ab31782770a0266eabe07cf549dbf5bf06303fdd92a2d50bb92f
MassSpecGymID0222896	MZDKLVOWGIOKTN	C21H20F3N7O3S	25af6e3eca7818ef086e58bb08d79a79c1cac6b079cd7080fddf984ebfa0e2d7
MassSpecGymID0238795	YEGFDJOAFMPJSE	C27H31FN6O	25afaab3640fa3d3feff03a666f62291e8f8690a53d119791ffcb56c98f43d03
MassSpecGymID0216220	ZRDJWNISISVUHP	C19H19N7O2S3	25b58fa699c2ac8e4df3c91a5e0517cbb53e8c278e3fb058fb9e8b47b5d41b76
MassSpecGymID0213996	NWWTTXCMEVQJOM	C24H32N2O2	25b99e9f88a7bf5211e0fbe4d3253503fc42272812e9b2987f8b4ef4abe87593
MassSpecGymID0398583	DHPRQBPJLMKORJ	C22H23ClN2O8	25c071c92a19365447094670e9b11c78fe99c06ada0f2e2b27b7a1ed3a0c85e8
MassSpecGymID0210549	JZFUDEWSSVPHNE	C20H20FN5O3S	25c4a00e75210a83d047dfd450affe7f799962e50b88c94a95c05da86ab30657
MassSpecGymID0208542	IZUPUFJGTVBOJL	C16H20N4O4	25cead4eea1965c11bb906ed460aeda17bb6e695992a23488bbc2c447bab3270
MassSpecGymID0249813	CRXIHWBEEGWGCG	C29H30ClN3O2	25cf56964c2b26905dfb3a3ca3aabf53d6d3445bb6286961dd3cac7d389c8d13
MassSpecGymID0205043	OLDDPHCULUHICE	C25H24N2O4	25d2561624575b9e7efbdfe7d1aed90b39b3031b4ea0977eda2b47a79002e4df
MassSpecGymID0211325	PKEDZFHFEJYKJF	C15H23N5O2	25d937e91957c9c6ebf06ad6b4bfe1daf104a4fa9939721c6e0fcd09ee76afda
MassSpecGymID0209291	LRNKNPGMMOFQIR	C16H14N6OS4	25de2b245ed083c74028c442737e99e9fd2ce320f907aeea135c0bdcb6304db4
MassSpecGymID0233011	RGYMFGHHIDRCBN	C23H21F3N4O2	25e14a2905bba25c8f6573b9305bf9b74ef9737de1c32d5e6c3ed61bb20c9947
MassSpecGymID0207227	YJHJSUUIJRFTIN	C16H19N3O4	25e352ec49b5050bd52d926119021e3005698a26e0b03f6956e3bbf97e2306f6
MassSpecGymID0226958	BWZJBXAPRCVCKQ	C28H29N5OS	25f7cfac4c694143e9c6ed9587be330ccb7a2ae44542cfb251b08e20c8a02e9d
MassSpecGymID0120485	ODQBQUXGRYBRTP	C26H28N2O9	25fc4dac1dd320b79da9dd0615ef32be9e2cc5b959a39234816e6e3177017e50
MassSpecGymID0237745	IOMMMLWIABWRKL	C26H31ClN6O2	25ff5ac1d4d8890b8cfb2669d847aba4a5e3d21e83dfdedadc674c8f54542308
MassSpecGymID0209084	NLZSMWXSSYKHLL	C19H17ClN2O2	260004c5d2b7fba5afe59f9bcc101ec3bf4ad8b4cce15cc54f4c85395c76cb2c
MassSpecGymID0235801	MUNFBYOTGGMQOS	C27H33N5O2	26005f22a9776d3af4480cef1922dc9aceec216ee7b06151dee26e846fd4fed5
MassSpecGymID0209906	MUARERDHVRGEPX	C23H23F3N4O4	260623c016893d2c9d83fe73280262045d9b3e5b9c8813e70fa32950df5c24d0
MassSpecGymID0189068	NGTHIBFWOPPSSB	C38H44O12	2617e38efa65e3b369f541bd38b65f3eae8fde55c072661f137021e95a287cf3
MassSpecGymID0238248	SFHMWDMKUYVSQJ	C35H39NO11	26245d0b843daf7d152dfeda1c1deb07bfc9e2719359b6b1cbb227ac27bbe85c
MassSpecGymID0081356	MGUKYHHAGPFJMC	C23H22O5S	2640c7ed21bb27981347a1aeb2ffc1c7fd58a30be2341d66e5193f004135440c
MassSpecGymID0223994	BKCDJTRMYWSXMC	C19H27N3O2	2646026fe34d01c654190d84e2815fa7033b93a4bef23ea2f2e64f2d83ddd774
MassSpecGymID0243859	ZVDYGDCVXCGTHH	C16H15ClN4O3	265abb77991a6ff8b90a5ac7592e25b9821685303e0ffc11087e775d560ed51d
MassSpecGymID0214387	CCBWMFSTIAELBA	C12H15FN6OS	267d6e7de64f4fce7aead7804367df366a362cdcd0fd4c2d3dd89b956d8d5929
MassSpecGymID0212066	OSAXYETXRZISMK	C24H30N4O4S	268175d0d08c02bc668141b1fd7f3b9d57db27a1e4936e01c3ed497839145a5a
MassSpecGymID0211020	BHQQTLXVQAIFIB	C17H20N2O2S	26867e88227c91abe72b99aa54bfd4193212e35c24f25d883319394d5056000b
MassSpecGymID0208694	CXRNQXFFWARLSJ	C15H15N5	2698aefe830d971d41edc66d323bea99d112954dff452adda415aaa6325c9091
MassSpecGymID0229375	VIJCCFFEBCOOIE	C29H36N4O5	26a3f348f20a5940c86a9ab80e80bbaad6be5e391d69917e1be8d76a9c1acd44
MassSpecGymID0219268	RRRDZFQRNJTKHL	C17H14N6O4	26a6e8d11af4117032fb409bd7f079b109370b645bb42ef50f0d94aaf10df3bf
MassSpecGymID0398058	AYQSOQAXHARFPU	C32H42O10	26b5eb2354c5a499eaaf5e0d988ab019084ad6e1c9277b13c3c244e2fbbb9664
MassSpecGymID0197139	XOEFANNJIKAWGX	C26H32O11	26d02047f024bdc98aeaff7605f79fd9efe970f44475805c579304951d6e5a11
MassSpecGymID0242896	ABSGSRABKMESPA	C16H14N6O3S	26dc1356ef412c2e4bdc565de7cb5666bf66792ba45a577b795d072f49cb8d8d
MassSpecGymID0001343	GBUQOBUNFQDAQG	C52H70N2O11	26e04f871b39e9bac1b18ae8154c7ff57456211f4caae50488bb98665c20fce8
MassSpecGymID0233904	HAGOWCONESKMDW	C34H56N10O9	26f734af66e3f25d0c9ff954048d5feba5d3f164bdd01568cc780cbbdb3b531f
MassSpecGymID0215493	XVKYCCCVXPODLM	C16H20ClF3N2O3S	26f7a7cd3e3da57544c5cc9e090787698bea89ff12c6dbb341afcbd0b2bfe82c
MassSpecGymID0209488	MWFTZXRIXOYEFD	C14H12N4OS2	270aa2328771f688d22b52da10805261ed00c68929928ee9504575dc2dc46c94
MassSpecGymID0250697	BOJKFRKNLSCGHY	C22H30O6	270bc89e2244b10970fbfbb63855fbc3463fee96f2020ac5e4a5d772431e11cf
MassSpecGymID0396973	FCRRDBSGFPBRDY	C37H52N2O11	2710eb09a2aaa09ef7c02f5d3566f3d34a7214fd1ce0ee9e08fb6fefe3590c5e
MassSpecGymID0399271	XDHNQDDQEHDUTM	C35H58O9	2718275448b90b1ca29ddf9e38797682715eef83f6cb86f0ba1827da073a3af4
MassSpecGymID0229941	FSXIBBYWVGWQJL	C21H32N6O3	271bf864c131f86da491df91dcfcee9211a8fd832e92d1533664661aaeb154de
MassSpecGymID0179782	DXOOVGNYSYVTNM	C18H13FN4O	2734d8c384d2b7eeed889d434ec551e549e4de2d15b14684fc6eb37c123630a9
MassSpecGymID0208362	XUFRHWPICGJUIO	C19H20F4N4O2S	2740edd36616b4f88ab465c8c8d0ea265d67b68c6ce19b673886f6a81119b56f
MassSpecGymID0211402	XGWXTHXHJYWHMH	C21H21N3O3S2	2746afb65c30804a8aba7cfdca3b02212589e0bcaa0aa2b6ac43f87e5dae083d
MassSpecGymID0185238	UEVWVMGTABEFID	C26H32O9	275e196a5d9b821b8dc96af2ea4ea4c60e19085c193c0fd6056c85e8bc44bd46
MassSpecGymID0223969	WXJLXRNWMLWVFB	C20H14ClN3O	2766c049ec2518c20ce363339a0ea970d49736265a382bbce30bceee272f6455
MassSpecGymID0215181	SOMABIBERHUHJY	C21H18F2N4O4S	276801d9633bb600998335db0f7cb707e6d5579b11bc78d0e9868318ce787c9a
MassSpecGymID0212265	BSGXBDXCSNPIGD	C20H18N4O3S2	276c41343a0072227e6970c8bd3daf0c7ef2f60504fe46d6559501841be8f661
MassSpecGymID0235094	KVNBVHCJAUXKPJ	C11H10N4S3	276db335c94554c7f09570948c35d98323fd7a1a2c580819e2e1643f9095bb91
MassSpecGymID0204393	KEGRENGWTJNAKX	C17H16N4O2S	2770219d746b05ff0f1e002a77fd729ef0cd534a473163201a3ec4f23f02012b
MassSpecGymID0203775	AVPFVRKZYHPFBT	C25H24N6O2	2773771d73f69ad6182c680b8071ac46b8eb0617501fcd53a9717a3358cb84a5
