{
  "aggregate": {
    "0.05": {
      "active_bits": {
        "count": 200,
        "max": 282.0,
        "mean": 130.28,
        "median": 130.0,
        "min": 18.0
      },
      "by_subset": {
        "good_mist": {
          "count": 50,
          "max": 0.6280992031097412,
          "mean": 0.42604325532913206,
          "median": 0.40121951699256897,
          "min": 0.25581395626068115
        },
        "high_mist": {
          "count": 50,
          "max": 0.8965517282485962,
          "mean": 0.6058744329214096,
          "median": 0.5914770066738129,
          "min": 0.4000000059604645
        },
        "low_mist": {
          "count": 50,
          "max": 0.25757575035095215,
          "mean": 0.1424157865345478,
          "median": 0.13593515008687973,
          "min": 0.0972222238779068
        },
        "mid_mist": {
          "count": 50,
          "max": 0.477477490901947,
          "mean": 0.22727073833346367,
          "median": 0.2272959128022194,
          "min": 0.10596026480197906
        }
      },
      "mist_tanimoto": {
        "count": 200,
        "max": 0.8965517282485962,
        "mean": 0.3504010532796383,
        "median": 0.3031173050403595,
        "min": 0.0972222238779068
      }
    },
    "0.1": {
      "active_bits": {
        "count": 200,
        "max": 161.0,
        "mean": 79.8,
        "median": 78.0,
        "min": 17.0
      },
      "by_subset": {
        "good_mist": {
          "count": 50,
          "max": 0.7755101919174194,
          "mean": 0.5884863996505737,
          "median": 0.5886382162570953,
          "min": 0.429824560880661
        },
        "high_mist": {
          "count": 50,
          "max": 1.0,
          "mean": 0.797246173620224,
          "median": 0.7831962406635284,
          "min": 0.6619718074798584
        },
        "low_mist": {
          "count": 50,
          "max": 0.22680412232875824,
          "mean": 0.16001221179962158,
          "median": 0.1601443737745285,
          "min": 0.1034482792019844
        },
        "mid_mist": {
          "count": 50,
          "max": 0.46666666865348816,
          "mean": 0.3000094446539879,
          "median": 0.28034332394599915,
          "min": 0.15555556118488312
        }
      },
      "mist_tanimoto": {
        "count": 200,
        "max": 1.0,
        "mean": 0.4614385574311018,
        "median": 0.4486277252435684,
        "min": 0.1034482792019844
      }
    },
    "0.15": {
      "active_bits": {
        "count": 200,
        "max": 127.0,
        "mean": 62.865,
        "median": 59.0,
        "min": 15.0
      },
      "by_subset": {
        "good_mist": {
          "count": 50,
          "max": 0.795918345451355,
          "mean": 0.658456951379776,
          "median": 0.6666666865348816,
          "min": 0.4848484992980957
        },
        "high_mist": {
          "count": 50,
          "max": 1.0,
          "mean": 0.8749136769771576,
          "median": 0.8651192784309387,
          "min": 0.7400000095367432
        },
        "low_mist": {
          "count": 50,
          "max": 0.2222222238779068,
          "mean": 0.16237276285886765,
          "median": 0.16249999403953552,
          "min": 0.125
        },
        "mid_mist": {
          "count": 50,
          "max": 0.5142857432365417,
          "mean": 0.3254355388879776,
          "median": 0.3039473742246628,
          "min": 0.1780821979045868
        }
      },
      "mist_tanimoto": {
        "count": 200,
        "max": 1.0,
        "mean": 0.5052947325259447,
        "median": 0.49719101190567017,
        "min": 0.125
      }
    },
    "0.187": {
      "active_bits": {
        "count": 200,
        "max": 118.0,
        "mean": 56.15,
        "median": 53.0,
        "min": 14.0
      },
      "by_subset": {
        "good_mist": {
          "count": 50,
          "max": 0.7962962985038757,
          "mean": 0.6735561442375183,
          "median": 0.6808149516582489,
          "min": 0.5054945349693298
        },
        "high_mist": {
          "count": 50,
          "max": 1.0,
          "mean": 0.9043777656555175,
          "median": 0.9034883677959442,
          "min": 0.800000011920929
        },
        "low_mist": {
          "count": 50,
          "max": 0.19767442345619202,
          "mean": 0.16429962024092673,
          "median": 0.16719448566436768,
          "min": 0.10989011079072952
        },
        "mid_mist": {
          "count": 50,
          "max": 0.48275861144065857,
          "mean": 0.32267037123441694,
          "median": 0.31072796881198883,
          "min": 0.20000000298023224
        }
      },
      "mist_tanimoto": {
        "count": 200,
        "max": 1.0,
        "mean": 0.5162259753420949,
        "median": 0.4941265732049942,
        "min": 0.10989011079072952
      }
    },
    "0.2": {
      "active_bits": {
        "count": 200,
        "max": 115.0,
        "mean": 54.275,
        "median": 50.5,
        "min": 14.0
      },
      "by_subset": {
        "good_mist": {
          "count": 50,
          "max": 0.8269230723381042,
          "mean": 0.6793950426578522,
          "median": 0.6959805488586426,
          "min": 0.5081967115402222
        },
        "high_mist": {
          "count": 50,
          "max": 1.0,
          "mean": 0.9118628871440887,
          "median": 0.9157200753688812,
          "min": 0.800000011920929
        },
        "low_mist": {
          "count": 50,
          "max": 0.21052631735801697,
          "mean": 0.1653042759001255,
          "median": 0.1657509207725525,
          "min": 0.1149425283074379
        },
        "mid_mist": {
          "count": 50,
          "max": 0.49253731966018677,
          "mean": 0.3226495009660721,
          "median": 0.315717414021492,
          "min": 0.19354838132858276
        }
      },
      "mist_tanimoto": {
        "count": 200,
        "max": 1.0,
        "mean": 0.5198029266670346,
        "median": 0.5003670156002045,
        "min": 0.1149425283074379
      }
    },
    "0.25": {
      "active_bits": {
        "count": 200,
        "max": 104.0,
        "mean": 49.19,
        "median": 46.5,
        "min": 14.0
      },
      "by_subset": {
        "good_mist": {
          "count": 50,
          "max": 0.8775510191917419,
          "mean": 0.6869280278682709,
          "median": 0.6881944537162781,
          "min": 0.488095223903656
        },
        "high_mist": {
          "count": 50,
          "max": 1.0,
          "mean": 0.9204313433170319,
          "median": 0.9326542317867279,
          "min": 0.7924528121948242
        },
        "low_mist": {
          "count": 50,
          "max": 0.24137930572032928,
          "mean": 0.16397635415196418,
          "median": 0.16438356041908264,
          "min": 0.10975609719753265
        },
        "mid_mist": {
          "count": 50,
          "max": 0.5090909004211426,
          "mean": 0.31595586001873016,
          "median": 0.29510416090488434,
          "min": 0.1818181872367859
        }
      },
      "mist_tanimoto": {
        "count": 200,
        "max": 1.0,
        "mean": 0.5218228963389993,
        "median": 0.4985930621623993,
        "min": 0.10975609719753265
      }
    },
    "0.3": {
      "active_bits": {
        "count": 200,
        "max": 96.0,
        "mean": 45.73,
        "median": 44.0,
        "min": 14.0
      },
      "by_subset": {
        "good_mist": {
          "count": 50,
          "max": 0.8958333134651184,
          "mean": 0.6885081577301025,
          "median": 0.6991650760173798,
          "min": 0.4938271641731262
        },
        "high_mist": {
          "count": 50,
          "max": 1.0,
          "mean": 0.9176652634143829,
          "median": 0.9323708117008209,
          "min": 0.7727272510528564
        },
        "low_mist": {
          "count": 50,
          "max": 0.2321428507566452,
          "mean": 0.16530049711465836,
          "median": 0.16745540499687195,
          "min": 0.1139240488409996
        },