run,total_spectra,elapsed_seconds,exact_top10,tanimoto_top10,mist_tanimoto,formula_success,avg_formula_matches,avg_total_generated,never_matched_rate
mist_threshold_0p187,200,1155.2152481079102,0.095,0.43153225895017383,0.5162259753420949,0.825,2.245,26.085,0.175
oracle_true_fingerprint,200,1185.0013570785522,0.53,0.8246427476406097,0.5162259753420949,0.89,3.84,26.525,0.11
