{
  "total_spectra": 6,
  "elapsed_time_seconds": 437.1936583518982,
  "spectra_per_second": 0.013723895315907318,
  "exact_match_top1": 0.16666666666666666,
  "exact_match_top10": 0.16666666666666666,
  "tanimoto_top1_mean": 0.7277144690354665,
  "tanimoto_top10_mean": 0.7277144690354665,
  "mist_tanimoto_mean": 0.4833664471904437,
  "avg_formula_matches": 13.666666666666666,
  "avg_predictions_collected": 20.0,
  "avg_total_generated": 185.83333333333334,
  "formula_match_success_rate": 1.0,
  "avg_attempts_to_match": 15.32652505446623,
  "never_matched_rate": 0.0,
  "total_generation_time": 417.8970580101013,
  "generation_time_percentage": 95.5862579492713,
  "total_elapsed_time_seconds": 437.1936583518982,
  "proposal_source_counts": [
    [
      "formula",
      6
    ]
  ]
}