{
  "num_selected": 20,
  "subset_csv": "repro_runs/oracle_fingerprint_ablation_20260622/oracle_ablation_sample20.csv",
  "target_active_bits": {
    "count": 20,
    "max": 105.0,
    "mean": 68.1,
    "median": 72.0,
    "min": 32.0
  },
  "threshold_metrics": {
    "0.187": {
      "f1": {
        "count": 20,
        "max": 0.9629629629629629,
        "mean": 0.6216204596340164,
        "median": 0.7097770154373928,
        "min": 0.15094339622641506
      },
      "precision": {
        "count": 20,
        "max": 0.975,
        "mean": 0.6196889659401333,
        "median": 0.672640218878249,
        "min": 0.20512820512820512
      },
      "pred_bits": {
        "count": 20,
        "max": 113.0,
        "mean": 68.45,
        "median": 74.5,
        "min": 29.0
      },
      "recall": {
        "count": 20,
        "max": 0.9876543209876543,
        "mean": 0.6324828909326349,
        "median": 0.7422439759036145,
        "min": 0.11940298507462686
      }
    },
    "0.25": {
      "f1": {
        "count": 20,
        "max": 0.9500000000000001,
        "mean": 0.6220146996858783,
        "median": 0.6933333333333334,
        "min": 0.16
      },
      "precision": {
        "count": 20,
        "max": 0.9743589743589743,
        "mean": 0.6573616835198034,
        "median": 0.6927546138072453,
        "min": 0.24242424242424243
      },
      "pred_bits": {
        "count": 20,
        "max": 101.0,
        "mean": 60.55,
        "median": 63.5,
        "min": 29.0
      },
      "recall": {
        "count": 20,
        "max": 0.9876543209876543,
        "mean": 0.6024723436289747,
        "median": 0.6775641025641026,
        "min": 0.11940298507462686
      }
    },
    "0.3": {
      "f1": {
        "count": 20,
        "max": 0.9556650246305419,
        "mean": 0.6261050098389523,
        "median": 0.6872920183265011,
        "min": 0.16
      },
      "precision": {
        "count": 20,
        "max": 1.0,
        "mean": 0.6880840431539389,
        "median": 0.7341269841269842,
        "min": 0.24242424242424243
      },
      "pred_bits": {
        "count": 20,
        "max": 98.0,
        "mean": 56.3,
        "median": 60.0,
        "min": 26.0
      },
      "recall": {
        "count": 20,
        "max": 0.9594594594594594,
        "mean": 0.5877587598470507,
        "median": 0.6356589147286822,
        "min": 0.11940298507462686
      }
    }
  },
  "top_n_recall": {
    "128": {
      "count": 20,
      "max": 1.0,
      "mean": 0.7269453719743985,
      "median": 0.8291095890410959,
      "min": 0.30985915492957744
    },
    "16": {
      "count": 20,
      "max": 0.5,
      "mean": 0.21405826952315232,
      "median": 0.20256410256410257,
      "min": 0.05970149253731343
    },
    "160": {
      "count": 20,
      "max": 1.0,
      "mean": 0.7578466014200416,
      "median": 0.885610465116279,
      "min": 0.352112676056338
    },
    "256": {
      "count": 20,
      "max": 1.0,
      "mean": 0.8050294569565865,
      "median": 0.9401162790697675,
      "min": 0.40789473684210525
    },
    "32": {
      "count": 20,
      "max": 0.875,
      "mean": 0.38231020134053856,
      "median": 0.37303082191780823,
      "min": 0.11940298507462686
    },
    "48": {
      "count": 20,
      "max": 0.975609756097561,
      "mean": 0.4998433856565471,
      "median": 0.5245719178082192,
      "min": 0.14925373134328357
    },
    "512": {
      "count": 20,
      "max": 1.0,
      "mean": 0.8656375600938602,
      "median": 0.9494912790697674,
      "min": 0.5263157894736842
    },
    "64": {
      "count": 20,
      "max": 0.975609756097561,
      "mean": 0.5886857888721542,
      "median": 0.6403783431180692,
      "min": 0.208955223880597
    },
    "80": {
      "count": 20,
      "max": 0.975609756097561,
      "mean": 0.6456262779541123,
      "median": 0.7433569896022445,
      "min": 0.22388059701492538
    },
    "96": {
      "count": 20,
      "max": 1.0,
      "mean": 0.6812351332540094,
      "median": 0.7716609589041096,
      "min": 0.2631578947368421
    }
  }
}