{
  "total_spectra": 500,
  "elapsed_time_seconds": 8289.118221998215,
  "spectra_per_second": 0.06032004691078801,
  "exact_match_top1": 0.278,
  "exact_match_top10": 0.29,
  "tanimoto_top1_mean": 0.579868980422616,
  "tanimoto_top10_mean": 0.5990409024059773,
  "mist_tanimoto_mean": 0.6064585865736007,
  "avg_formula_matches": 10.912,
  "avg_predictions_collected": 10.0,
  "avg_total_generated": 88.002,
  "formula_match_success_rate": 0.992,
  "avg_attempts_to_match": 14.30804386247433,
  "never_matched_rate": 0.008,
  "total_generation_time": 8209.899670362473,
  "generation_time_percentage": 99.04430664982546,
  "total_elapsed_time_seconds": 8289.118221998215,
  "proposal_source_counts": [
    [
      "formula",
      500
    ]
  ]
}