{
  "total_spectra": 50,
  "elapsed_time_seconds": 1583.204421043396,
  "spectra_per_second": 0.0315815186816166,
  "exact_match_top1": 0.16,
  "exact_match_top10": 0.16,
  "tanimoto_top1_mean": 0.45045095175504685,
  "tanimoto_top10_mean": 0.4865608164668083,
  "mist_tanimoto_mean": 0.5467213901877404,
  "avg_formula_matches": 0.0,
  "avg_predictions_collected": 0.0,
  "avg_total_generated": 0.0,
  "formula_match_success_rate": 0.0,
  "avg_attempts_to_match": 0.0,
  "never_matched_rate": 1.0,
  "round_timing": {
    "round_1": {
      "round_time_seconds": 871.7274208068848,
      "cumulative_time_seconds": 871.7274208068848,
      "time_per_sample_seconds": 17.434548416137694
    },
    "round_2": {
      "round_time_seconds": 705.8962144851685,
      "cumulative_time_seconds": 1577.6236352920532,
      "time_per_sample_seconds": 31.552472705841065
    }
  }
}