{
  "aggregate": {
    "threshold:0.05": {
      "active_bits": {
        "count": 20,
        "max": 240.0,
        "mean": 152.1,
        "median": 155.0,
        "min": 45.0
      },
      "by_subset": {
        "unknown": {
          "count": 20,
          "max": 0.6733333468437195,
          "mean": 0.35037299506366254,
          "median": 0.315778449177742,
          "min": 0.11999999731779099
        }
      },
      "mist_tanimoto": {
        "count": 20,
        "max": 0.6733333468437195,
        "mean": 0.35037299506366254,
        "median": 0.315778449177742,
        "min": 0.11999999731779099
      }
    },
    "threshold:0.1": {
      "active_bits": {
        "count": 20,
        "max": 135.0,
        "mean": 95.65,
        "median": 103.5,
        "min": 42.0
      },
      "by_subset": {
        "unknown": {
          "count": 20,
          "max": 0.8163265585899353,
          "mean": 0.43552195020020007,
          "median": 0.44610732793807983,
          "min": 0.1071428582072258
        }
      },
      "mist_tanimoto": {
        "count": 20,
        "max": 0.8163265585899353,
        "mean": 0.43552195020020007,
        "median": 0.44610732793807983,
        "min": 0.1071428582072258
      }
    },
    "threshold:0.15": {
      "active_bits": {
        "count": 20,
        "max": 118.0,
        "mean": 76.4,
        "median": 83.0,
        "min": 33.0
      },
      "by_subset": {
        "unknown": {
          "count": 20,
          "max": 0.8888888955116272,
          "mean": 0.4806330304592848,
          "median": 0.5194215774536133,
          "min": 0.095238097012043
        }
      },
      "mist_tanimoto": {
        "count": 20,
        "max": 0.8888888955116272,
        "mean": 0.4806330304592848,
        "median": 0.5194215774536133,
        "min": 0.095238097012043
      }
    },
    "threshold:0.187": {
      "active_bits": {
        "count": 20,
        "max": 113.0,
        "mean": 68.45,
        "median": 74.5,
        "min": 29.0
      },
      "by_subset": {
        "unknown": {
          "count": 20,
          "max": 0.9285714030265808,
          "mean": 0.502012613043189,
          "median": 0.5501465499401093,
          "min": 0.08163265138864517
        }
      },
      "mist_tanimoto": {
        "count": 20,
        "max": 0.9285714030265808,
        "mean": 0.502012613043189,
        "median": 0.5501465499401093,
        "min": 0.08163265138864517
      }
    },
    "threshold:0.2": {
      "active_bits": {
        "count": 20,
        "max": 111.0,
        "mean": 66.7,
        "median": 71.5,
        "min": 29.0
      },
      "by_subset": {
        "unknown": {
          "count": 20,
          "max": 0.9285714030265808,
          "mean": 0.5028333019465208,
          "median": 0.5480947196483612,
          "min": 0.0833333358168602
        }
      },
      "mist_tanimoto": {
        "count": 20,
        "max": 0.9285714030265808,
        "mean": 0.5028333019465208,
        "median": 0.5480947196483612,
        "min": 0.0833333358168602
      }
    },
    "threshold:0.25": {
      "active_bits": {
        "count": 20,
        "max": 101.0,
        "mean": 60.55,
        "median": 63.5,
        "min": 29.0
      },
      "by_subset": {
        "unknown": {
          "count": 20,
          "max": 0.9047619104385376,
          "mean": 0.5060236614197493,
          "median": 0.53125,
          "min": 0.08695652335882187
        }
      },
      "mist_tanimoto": {
        "count": 20,
        "max": 0.9047619104385376,
        "mean": 0.5060236614197493,
        "median": 0.53125,
        "min": 0.08695652335882187
      }
    },
    "threshold:0.3": {
      "active_bits": {
        "count": 20,
        "max": 98.0,
        "mean": 56.3,
        "median": 60.0,
        "min": 26.0
      },
      "by_subset": {
        "unknown": {
          "count": 20,
          "max": 0.9150943160057068,
          "mean": 0.5122189667075873,
          "median": 0.5243615657091141,
          "min": 0.08695652335882187
        }
      },
      "mist_tanimoto": {
        "count": 20,
        "max": 0.9150943160057068,
        "mean": 0.5122189667075873,
        "median": 0.5243615657091141,
        "min": 0.08695652335882187
      }
    },
    "threshold:0.4": {
      "active_bits": {
        "count": 20,
        "max": 97.0,
        "mean": 49.95,
        "median": 49.0,
        "min": 21.0
      },
      "by_subset": {
        "unknown": {
          "count": 20,
          "max": 0.9238095283508301,
          "mean": 0.489834164083004,
          "median": 0.4803091436624527,
          "min": 0.06741572916507721
        }
      },
      "mist_tanimoto": {
        "count": 20,
        "max": 0.9238095283508301,
        "mean": 0.489834164083004,
        "median": 0.4803091436624527,
        "min": 0.06741572916507721
      }
    },
    "threshold:0.5": {
      "active_bits": {
        "count": 20,
        "max": 97.0,
        "mean": 45.2,
        "median": 42.5,
        "min": 18.0
      },
      "by_subset": {
        "unknown": {
          "count": 20,
          "max": 0.9238095283508301,
          "mean": 0.4713253451511264,
          "median": 0.44296765327453613,
          "min": 0.05681818351149559
        }
      },
      "mist_tanimoto": {
        "count": 20,
        "max": 0.9238095283508301,
        "mean": 0.4713253451511264,
        "median": 0.44296765327453613,
        "min": 0.05681818351149559
      }
    },
    "top_n:128": {
      "active_bits": {
        "count": 20,
        "max": 128.0,
        "mean": 128.0,
        "median": 128.0,
        "min": 128.0
      },
      "by_subset": {
        "unknown": {
          "count": 20,
          "max": 0.7518796920776367,
          "mean": 0.35468338914215564,
          "median": 0.29821595549583435,
          "min": 0.12429378181695938
        }
      },
      "mist_tanimoto": {
        "count": 20,
        "max": 0.7518796920776367,
        "mean": 0.35468338914215564,
        "median": 0.29821595549583435,
        "min": 0.12429378181695938
      }
    },
    "top_n:16": {
      "active_bits": {
        "count": 20,
        "max": 16.0,
        "mean": 16.0,
        "median": 16.0,
        "min": 16.0
      },
      "by_subset": {
        "unknown": {
          "count": 20,
          "max": 0.5,
          "mean": 0.2084905097261071,
          "median": 0.19876543432474136,
          "min": 0.050632912665605545
        }
      },
      "mist_tanimoto": {
        "count": 20,
        "max": 0.5,
        "mean": 0.2084905097261071,
        "median": 0.19876543432474136,
        "min": 0.050632912665605545
      }
    },
    "top_n:160": {
      "active_bits": {
        "count": 20,
        "max": 160.0,
        "mean": 160.0,
        "median": 160.0,
        "min": 160.0
      },
      "by_subset": {
        "unknown": {
          "count": 20,
          "max": 0.6158536672592163,
          "mean": 0.3024256769567728,
          "median": 0.24327651411294937,
          "min": 0.12135922163724899
        }
      },
      "mist_tanimoto": {
        "count": 20,
        "max": 0.6158536672592163,
        "mean": 0.3024256769567728,
        "median": 0.24327651411294937,
        "min": 0.12135922163724899
      }
    },
    "top_n:256": {
      "active_bits": {
        "count": 20,
        "max": 256.0,
        "mean": 256.0,
        "median": 256.0,
        "min": 256.0
      },
      "by_subset": {
        "unknown": {
          "count": 20,
          "max": 0.39382240176200867,
          "mean": 0.20676801390945912,
          "median": 0.16491567343473434,
          "min": 0.1029900312423706
        }
      },
      "mist_tanimoto": {
        "count": 20,
        "max": 0.39382240176200867,
        "mean": 0.20676801390945912,
        "median": 0.16491567343473434,
        "min": 0.1029900312423706
      }
    },
    "top_n:32": {
      "active_bits": {
        "count": 20,
        "max": 32.0,
        "mean": 32.0,
        "median": 32.0,
        "min": 32.0
      },