{
  "train_rows": 191216,
  "val_rows": 19043,
  "fingerprint_bits": 4096,
  "embedding_dim": 1024,
  "mist_baseline_best": {
    "mode": "threshold",
    "value": 0.25,
    "mean_tanimoto": 0.5420425046339575,
    "median_tanimoto": 0.5483870967741935,
    "bit_accuracy": 0.9908363099096453,
    "bit_precision": 0.7285243958048335,
    "bit_recall": 0.6569716996882203,
    "bit_f1": 0.6909004105217774,
    "mean_active_bits": 57.58021320170141,
    "mean_target_active_bits": 63.85144147455758
  },
  "best": {
    "epoch": 3,
    "best_metrics": {
      "mode": "threshold",
      "value": 0.25,
      "mean_tanimoto": 0.5423324762334567,
      "median_tanimoto": 0.5480769230769231,
      "bit_accuracy": 0.9908435278465184,
      "bit_precision": 0.7288109621227392,
      "bit_recall": 0.6571444079929404,
      "bit_f1": 0.6911247772761084,
      "mean_active_bits": 57.572703880691066,
      "mean_target_active_bits": 63.85144147455758
    },
    "best_delta_vs_mist": 0.0002899715994991725
  },
  "passed_encoder_gate": false,
  "gate_delta": 0.005
}