{
  "total_spectra": 500,
  "elapsed_time_seconds": 15965.470158338547,
  "spectra_per_second": 0.03131758695742867,
  "exact_match_top1": 0.104,
  "exact_match_top10": 0.12,
  "tanimoto_top1_mean": 0.49607909417152407,
  "tanimoto_top10_mean": 0.5208745178133249,
  "mist_tanimoto_mean": 0.5137305136024952,
  "avg_formula_matches": 4.984,
  "avg_predictions_collected": 10.0,
  "avg_total_generated": 95.748,
  "formula_match_success_rate": 0.9,
  "avg_attempts_to_match": 31.225346369679706,
  "never_matched_rate": 0.1,
  "total_generation_time": 15877.764911413193,
  "generation_time_percentage": 99.4506566605585,
  "total_elapsed_time_seconds": 15965.470158338547,
  "proposal_source_counts": [
    [
      "formula",
      500
    ]
  ]
}