{
  "cuda_visible_devices": "3",
  "tf32_enabled": true,
  "formula_pruning_chunk_size": 22,
  "seconds_per_case": 3.8563903272151947,
  "elapsed_time_seconds": 123.40449047088623,
  "total_spectra": 32,
  "exact_top1": 0.0,
  "exact_top10": 0.0,
  "tanimoto_top1": 0.5015192916616797,
  "tanimoto_top10": 0.5015192916616797,
  "formula_success": 1.0,
  "avg_total_generated": 22.25,
  "avg_unique_valid_smiles": 8.1875,
  "avg_duplicate_valid_smiles": 1.625,
  "avg_valid_duplicate_rate": 0.11173417069984345,
  "generation_time_percentage": 98.4753839301694
}