{
  "total_spectra": 200,
  "elapsed_time_seconds": 1185.0013570785522,
  "spectra_per_second": 0.16877617802318032,
  "exact_match_top1": 0.53,
  "exact_match_top10": 0.53,
  "tanimoto_top1_mean": 0.8246427476406097,
  "tanimoto_top10_mean": 0.8246427476406097,
  "mist_tanimoto_mean": 0.5162259753420949,
  "avg_formula_matches": 3.84,
  "avg_predictions_collected": 3.0,
  "avg_total_generated": 26.525,
  "formula_match_success_rate": 0.89,
  "avg_attempts_to_match": 8.894133480029401,
  "never_matched_rate": 0.11,
  "total_generation_time": 1144.5260105133057,
  "generation_time_percentage": 96.58436285127702,
  "total_elapsed_time_seconds": 1185.0013570785522,
  "proposal_source_counts": [
    [
      "formula",
      200
    ]
  ]
}