{
  "train_rows": 191216,
  "val_rows": 19043,
  "fingerprint_bits": 4096,
  "embedding_dim": 1024,
  "mist_baseline_best": {
    "mode": "threshold",
    "value": 0.25,
    "mean_tanimoto": 0.5420425046339575,
    "median_tanimoto": 0.5483870967741935,
    "bit_accuracy": 0.9908363099096453,
    "bit_precision": 0.7285243958048335,
    "bit_recall": 0.6569716996882203,
    "bit_f1": 0.6909004105217774,
    "mean_active_bits": 57.58021320170141,
    "mean_target_active_bits": 63.85144147455758
  },
  "best": {
    "epoch": 3,
    "best_metrics": {
      "mode": "threshold",
      "value": 0.3,
      "mean_tanimoto": 0.5426415288737063,
      "median_tanimoto": 0.543859649122807,
      "bit_accuracy": 0.9910365659912763,
      "bit_precision": 0.7442609034326811,
      "bit_recall": 0.6474941258615883,
      "bit_f1": 0.6925134854019012,
      "mean_active_bits": 55.549650790316655,
      "mean_target_active_bits": 63.85144147455758
    },
    "best_delta_vs_mist": 0.0005990242397487799
  },
  "passed_encoder_gate": false,
  "gate_delta": 0.005
}