{
  "total_spectra": 20,
  "elapsed_time_seconds": 775.5011224746704,
  "spectra_per_second": 0.02578977569520313,
  "exact_match_top1": 0.15,
  "exact_match_top10": 0.15,
  "tanimoto_top1_mean": 0.4711989309638739,
  "tanimoto_top10_mean": 0.5050148986279964,
  "mist_tanimoto_mean": 0.54466033577919,
  "avg_formula_matches": 0.0,
  "avg_predictions_collected": 0.0,
  "avg_total_generated": 0.0,
  "formula_match_success_rate": 0.0,
  "avg_attempts_to_match": 0.0,
  "never_matched_rate": 1.0,
  "round_timing": {
    "round_1": {
      "round_time_seconds": 455.01047134399414,
      "cumulative_time_seconds": 455.01047134399414,
      "time_per_sample_seconds": 22.750523567199707
    },
    "round_2": {
      "round_time_seconds": 318.1887540817261,
      "cumulative_time_seconds": 773.1992254257202,
      "time_per_sample_seconds": 38.65996127128601
    }
  }
}